timestamp,phase,component,pid,microwatts,watts
2026-06-27T21:14:51,idle,cu_cp,240880,209224.2352527219,0.209224
2026-06-27T21:14:51,idle,cu_up,240907,217119.49640462815,0.217119
2026-06-27T21:14:51,idle,du1,241069,2183037.8326150416,2.183038
2026-06-27T21:14:51,idle,ue1,241134,552667.8174514532,0.552668
2026-06-27T21:14:51,idle,ue2,241146,540824.9488826931,0.540825
2026-06-27T21:14:51,idle,ue3,241158,532929.6877307869,0.532930
2026-06-27T21:14:51,idle,ue4,241170,513191.511691922,0.513192
2026-06-27T21:14:57,idle,cu_cp,240880,223486.75419665873,0.223487
2026-06-27T21:14:57,idle,cu_up,240907,223486.75419665873,0.223487
2026-06-27T21:14:57,idle,du1,241069,2215642.704666972,2.215643
2026-06-27T21:14:57,idle,ue1,241134,552709.1092380881,0.552709
2026-06-27T21:14:57,idle,ue2,241146,538290.633076638,0.538291
2026-06-27T21:14:57,idle,ue3,241158,526275.244060725,0.526275
2026-06-27T21:14:57,idle,ue4,241170,526275.244060725,0.526275
2026-06-27T21:15:02,idle,cu_cp,240880,211645.34308160932,0.211645
2026-06-27T21:15:02,idle,cu_up,240907,221157.50165428908,0.221158
2026-06-27T21:15:02,idle,du1,241069,2175904.3524601483,2.175904
2026-06-27T21:15:02,idle,ue1,241134,537436.4501649892,0.537436
2026-06-27T21:15:02,idle,ue2,241146,516034.162811653,0.516034
2026-06-27T21:15:02,idle,ue3,241158,561216.8465966886,0.561217
2026-06-27T21:15:02,idle,ue4,241170,535058.4336668837,0.535058
2026-06-27T21:15:07,idle,cu_cp,240880,214500.42509143532,0.214500
2026-06-27T21:15:07,idle,cu_up,240907,221650.45006603538,0.221650
2026-06-27T21:15:07,idle,du1,241069,2168837.6366252517,2.168838
2026-06-27T21:15:07,idle,ue1,241134,543401.0645498622,0.543401
2026-06-27T21:15:07,idle,ue2,241146,567234.4502607607,0.567234
2026-06-27T21:15:07,idle,ue3,241158,529101.0609073144,0.529101
2026-06-27T21:15:07,idle,ue4,241170,562467.7823799115,0.562468
2026-06-27T21:15:12,idle,cu_cp,240880,217856.66001948772,0.217857
2026-06-27T21:15:12,idle,cu_up,240907,220250.6976988855,0.220251
2026-06-27T21:15:12,idle,du1,241069,2166596.621472173,2.166597
2026-06-27T21:15:12,idle,ue1,241134,574567.0395011919,0.574567
2026-06-27T21:15:12,idle,ue2,241146,543444.6661547344,0.543445
2026-06-27T21:15:12,idle,ue3,241158,538656.590795939,0.538657
2026-06-27T21:15:12,idle,ue4,241170,550626.7093014998,0.550627
2026-06-27T21:15:18,idle,cu_cp,240880,217034.9480583474,0.217035
2026-06-27T21:15:18,idle,cu_up,240907,221804.96529983552,0.221805
2026-06-27T21:15:18,idle,du1,241069,2165579.742151773,2.165580
2026-06-27T21:15:18,idle,ue1,241134,567629.9141953832,0.567630
2026-06-27T21:15:18,idle,ue2,241146,546164.9063111335,0.546165
2026-06-27T21:15:18,idle,ue3,241158,539009.9036830503,0.539010
2026-06-27T21:15:18,idle,ue4,241170,534239.93290986,0.534240
2026-06-27T21:15:23,idle,cu_cp,240880,217589.97384901345,0.217590
2026-06-27T21:15:23,idle,cu_up,240907,222372.16339985133,0.222372
2026-06-27T21:15:23,idle,du1,241069,2204593.06208097,2.204593
2026-06-27T21:15:23,idle,ue1,241134,552343.801265089,0.552344
2026-06-27T21:15:23,idle,ue2,241146,552343.801265089,0.552344
2026-06-27T21:15:23,idle,ue3,241158,535606.1145514303,0.535606
2026-06-27T21:15:23,idle,ue4,241170,581036.9851415682,0.581037
2026-06-27T21:15:28,idle,cu_cp,240880,218024.62185908318,0.218025
2026-06-27T21:15:28,idle,cu_up,240907,218024.62185908318,0.218025
2026-06-27T21:15:28,idle,du1,241069,2175506.5111811827,2.175507
2026-06-27T21:15:28,idle,ue1,241134,549801.2504972076,0.549801
2026-06-27T21:15:28,idle,ue2,241146,537952.0513339805,0.537952
2026-06-27T21:15:28,idle,ue3,241158,533212.3901649284,0.533212
2026-06-27T21:15:28,idle,ue4,241170,511883.9149041939,0.511884
2026-06-27T21:15:34,idle,cu_cp,240880,217742.92910258175,0.217743
2026-06-27T21:15:34,idle,cu_up,240907,225251.30757581294,0.225251
2026-06-27T21:15:34,idle,du1,241069,2202457.1881891727,2.202457
2026-06-27T21:15:34,idle,ue1,241134,593161.8061430186,0.593162
2026-06-27T21:15:34,idle,ue2,241146,563128.2922500938,0.563128
2026-06-27T21:15:34,idle,ue3,241158,560625.4838853091,0.560625
2026-06-27T21:15:34,idle,ue4,241170,533094.778357169,0.533095
2026-06-27T21:15:39,idle,cu_cp,240880,213315.70058523893,0.213316
2026-06-27T21:15:39,idle,cu_up,240907,218334.89299358963,0.218335
2026-06-27T21:15:39,idle,du1,241069,2190877.6953180884,2.190878
2026-06-27T21:15:39,idle,ue1,241134,587245.5582377005,0.587246
2026-06-27T21:15:39,idle,ue2,241146,572187.9810126483,0.572188
2026-06-27T21:15:39,idle,ue3,241158,572187.9810126483,0.572188
2026-06-27T21:15:39,idle,ue4,241170,504428.86026957986,0.504429
2026-06-27T21:15:44,idle,cu_cp,240880,215287.47645789653,0.215287
2026-06-27T21:15:44,idle,cu_up,240907,225300.84314173192,0.225301
2026-06-27T21:15:44,idle,du1,241069,2182914.771875036,2.182915
2026-06-27T21:15:44,idle,ue1,241134,528205.3360553354,0.528205
2026-06-27T21:15:44,idle,ue2,241146,555742.1060303121,0.555742
2026-06-27T21:15:44,idle,ue3,241158,560748.766183371,0.560749
2026-06-27T21:15:44,idle,ue4,241170,515688.5929172528,0.515689
2026-06-27T21:15:49,idle,cu_cp,240880,210920.45754070283,0.210920
2026-06-27T21:15:49,idle,cu_up,240907,221085.27453007997,0.221085
2026-06-27T21:15:49,idle,du1,241069,2228641.4451544406,2.228641
2026-06-27T21:15:49,idle,ue1,241134,604808.0436902076,0.604808
2026-06-27T21:15:49,idle,ue2,241146,597184.3957148403,0.597184
2026-06-27T21:15:49,idle,ue3,241158,559066.2497935623,0.559066
2026-06-27T21:15:49,idle,ue4,241170,597184.3957148403,0.597184
2026-06-27T21:15:54,idle,cu_cp,240880,216080.20125493527,0.216080
2026-06-27T21:15:54,idle,cu_up,240907,221105.34602832675,0.221105
2026-06-27T21:15:54,idle,du1,241069,2208540.7482600855,2.208541
2026-06-27T21:15:54,idle,ue1,241134,592964.2905304718,0.592964
2026-06-27T21:15:54,idle,ue2,241146,535175.4049094421,0.535175
2026-06-27T21:15:54,idle,ue3,241158,575376.3769145923,0.575376
2026-06-27T21:15:54,idle,ue4,241170,532662.8325227463,0.532663
2026-06-27T21:15:59,idle,cu_cp,240880,217316.488484056,0.217316
2026-06-27T21:15:59,idle,cu_up,240907,222370.38747989596,0.222370
2026-06-27T21:15:59,idle,du1,241069,2228757.5401273873,2.228758
2026-06-27T21:15:59,idle,ue1,241134,560979.7975953561,0.560980
2026-06-27T21:15:59,idle,ue2,241146,581195.300111751,0.581195
2026-06-27T21:15:59,idle,ue3,241158,576141.4478493935,0.576141
2026-06-27T21:15:59,idle,ue4,241170,540764.3418124437,0.540764
2026-06-27T21:16:05,idle,cu_cp,240880,214007.692487365,0.214008
2026-06-27T21:16:05,idle,cu_up,240907,221560.90790629506,0.221561
2026-06-27T21:16:05,idle,du1,241069,2195467.1401928756,2.195467
2026-06-27T21:16:05,idle,ue1,241134,533760.3542103588,0.533760
2026-06-27T21:16:05,idle,ue2,241146,569008.6772889018,0.569009
2026-06-27T21:16:05,idle,ue3,241158,561455.4152405799,0.561455
2026-06-27T21:16:05,idle,ue4,241170,511100.66132417676,0.511101
2026-06-27T21:16:10,idle,cu_cp,240880,218017.35187826157,0.218017
2026-06-27T21:16:10,idle,cu_up,240907,218017.35187826157,0.218017
2026-06-27T21:16:10,idle,du1,241069,2185185.475930023,2.185185
2026-06-27T21:16:10,idle,ue1,241134,528754.774169693,0.528755
2026-06-27T21:16:10,idle,ue2,241146,573861.7852890014,0.573862
2026-06-27T21:16:10,idle,ue3,241158,501189.3114626312,0.501189
2026-06-27T21:16:10,idle,ue4,241170,526248.7723957062,0.526249
2026-06-27T21:16:15,idle,cu_cp,240880,214381.6794454506,0.214382
2026-06-27T21:16:15,idle,cu_up,240907,221948.1056645152,0.221948
2026-06-27T21:16:15,idle,du1,241069,2166516.1664673183,2.166516
2026-06-27T21:16:15,idle,ue1,241134,595224.4556434661,0.595224
2026-06-27T21:16:15,idle,ue2,241146,575047.3657371033,0.575047
2026-06-27T21:16:15,idle,ue3,241158,585135.9340291894,0.585136
2026-06-27T21:16:15,idle,ue4,241170,501905.3856529069,0.501905
2026-06-27T21:16:20,idle,cu_cp,240880,217326.6716727185,0.217327
2026-06-27T21:16:20,idle,cu_up,240907,224907.85202806353,0.224908
2026-06-27T21:16:20,idle,du1,241069,2183375.081829438,2.183375
2026-06-27T21:16:20,idle,ue1,241134,566060.2202478313,0.566060
2026-06-27T21:16:20,idle,ue2,241146,573641.4006031763,0.573641
2026-06-27T21:16:20,idle,ue3,241158,603966.0285532117,0.603966
2026-06-27T21:16:20,idle,ue4,241170,578695.4896829581,0.578695
2026-06-27T21:16:25,idle,cu_cp,240880,214508.17352503538,0.214508
2026-06-27T21:16:25,idle,cu_up,240907,214508.17352503538,0.214508
2026-06-27T21:16:25,idle,du1,241069,2150879.2434059978,2.150879
2026-06-27T21:16:25,idle,ue1,241134,568156.7751394063,0.568157
2026-06-27T21:16:25,idle,ue2,241146,527574.1715791225,0.527574
2026-06-27T21:16:25,idle,ue3,241158,556561.7588281184,0.556562
2026-06-27T21:16:25,idle,ue4,241170,562359.2669837624,0.562359
2026-06-27T21:16:31,idle,cu_cp,240880,225636.2271207592,0.225636
2026-06-27T21:16:31,idle,cu_up,240907,220388.8637444696,0.220389
2026-06-27T21:16:31,idle,du1,241069,2245867.403963356,2.245867
2026-06-27T21:16:31,idle,ue1,241134,592950.9844180244,0.592951
2026-06-27T21:16:31,idle,ue2,241146,535230.0809399432,0.535230
2026-06-27T21:16:31,idle,ue3,241158,503745.9475127578,0.503746
2026-06-27T21:16:31,idle,ue4,241170,592950.9844180244,0.592951
2026-06-27T21:16:36,idle,cu_cp,240880,222340.17859208077,0.222340
2026-06-27T21:16:36,idle,cu_up,240907,222340.17859208077,0.222340
2026-06-27T21:16:36,idle,du1,241069,2223401.739178934,2.223402
2026-06-27T21:16:36,idle,ue1,241134,581868.9715532714,0.581869
2026-06-27T21:16:36,idle,ue2,241146,558215.7605674982,0.558216
2026-06-27T21:16:36,idle,ue3,241158,544023.8059309102,0.544024
2026-06-27T21:16:36,idle,ue4,241170,525101.2464906663,0.525101
2026-06-27T21:16:41,idle,cu_cp,240880,211150.15839477896,0.211150
2026-06-27T21:16:41,idle,cu_up,240907,224077.71339948892,0.224078
2026-06-27T21:16:41,idle,du1,241069,2176139.218994565,2.176139
2026-06-27T21:16:41,idle,ue1,241134,551575.9134955823,0.551576
2026-06-27T21:16:41,idle,ue2,241146,607595.3185159921,0.607595
2026-06-27T21:16:41,idle,ue3,241158,568812.6535018623,0.568813
2026-06-27T21:16:41,idle,ue4,241170,581740.2085065723,0.581740
2026-06-27T21:16:46,idle,cu_cp,240880,225553.69164952755,0.225554
2026-06-27T21:16:46,idle,cu_up,240907,221596.58848665477,0.221597
2026-06-27T21:16:46,idle,du1,241069,2231794.3441311456,2.231794
2026-06-27T21:16:46,idle,ue1,241134,522334.86732591153,0.522335
2026-06-27T21:16:46,idle,ue2,241146,585648.1450270223,0.585648
2026-06-27T21:16:46,idle,ue3,241158,589605.2714964485,0.589605
2026-06-27T21:16:46,idle,ue4,241170,522334.86732591153,0.522335
2026-06-27T21:16:52,idle,cu_cp,240880,214147.91652526258,0.214148
2026-06-27T21:16:52,idle,cu_up,240907,216527.32313629985,0.216527
2026-06-27T21:16:52,idle,du1,241069,2179549.9956160067,2.179550
2026-06-27T21:16:52,idle,ue1,241134,535369.7797207714,0.535370
2026-06-27T21:16:52,idle,ue2,241146,566302.2975119591,0.566302
2026-06-27T21:16:52,idle,ue3,241158,590096.5027309537,0.590097
2026-06-27T21:16:52,idle,ue4,241170,506816.7149101615,0.506817
2026-06-27T21:16:57,idle,cu_cp,240880,213371.80854180426,0.213372
2026-06-27T21:16:57,idle,cu_up,240907,218166.71071682154,0.218167
2026-06-27T21:16:57,idle,du1,241069,2196051.5576809,2.196052
2026-06-27T21:16:57,idle,ue1,241134,537025.7387150138,0.537026
2026-06-27T21:16:57,idle,ue2,241146,558602.6006748533,0.558603
2026-06-27T21:16:57,idle,ue3,241158,592166.7529830134,0.592167
2026-06-27T21:16:57,idle,ue4,241170,541820.5710684764,0.541821
2026-06-27T21:17:02,idle,cu_cp,240880,217159.66735281944,0.217160
2026-06-27T21:17:02,idle,cu_up,240907,224318.77087340356,0.224319
2026-06-27T21:17:02,idle,du1,241069,2212164.8492534636,2.212165
2026-06-27T21:17:02,idle,ue1,241134,508296.8153097153,0.508297
2026-06-27T21:17:02,idle,ue2,241146,575115.1458583832,0.575115
2026-06-27T21:17:02,idle,ue3,241158,563183.2911458015,0.563183
2026-06-27T21:17:02,idle,ue4,241170,577501.5447217941,0.577502
2026-06-27T21:17:08,idle,cu_cp,240880,210162.6651115799,0.210163
2026-06-27T21:17:08,idle,cu_up,240907,224491.93244182586,0.224492
2026-06-27T21:17:08,idle,du1,241069,2156555.617856903,2.156556
2026-06-27T21:17:08,idle,ue1,241134,511077.4187290955,0.511077
2026-06-27T21:17:08,idle,ue2,241146,570782.7303123092,0.570783
2026-06-27T21:17:08,idle,ue3,241158,537347.7576881408,0.537348
2026-06-27T21:17:08,idle,ue4,241170,577947.3639774323,0.577947
2026-06-27T21:17:13,idle,cu_cp,240880,215736.4781631589,0.215736
2026-06-27T21:17:13,idle,cu_up,240907,220477.94607598186,0.220478
2026-06-27T21:17:13,idle,du1,241069,2164477.179863596,2.164477
2026-06-27T21:17:13,idle,ue1,241134,531043.6669880867,0.531044
2026-06-27T21:17:13,idle,ue2,241146,564233.8730733395,0.564234
2026-06-27T21:17:13,idle,ue3,241158,557121.705856359,0.557122
2026-06-27T21:17:13,idle,ue4,241170,528672.9445824266,0.528673
2026-06-27T21:17:18,idle,cu_cp,240880,215658.41031858802,0.215658
2026-06-27T21:17:18,idle,cu_up,240907,225243.22545319318,0.225243
2026-06-27T21:17:18,idle,du1,241069,2173357.6110930727,2.173358
2026-06-27T21:17:18,idle,ue1,241134,567900.4944636094,0.567900
2026-06-27T21:17:18,idle,ue2,241146,527165.0185098755,0.527165
2026-06-27T21:17:18,idle,ue3,241158,551127.0796097124,0.551127
2026-06-27T21:17:18,idle,ue4,241170,611032.2323593044,0.611032
2026-06-27T21:17:23,idle,cu_cp,240880,214660.45223753928,0.214660
2026-06-27T21:17:23,idle,cu_up,240907,219430.70151481152,0.219431
2026-06-27T21:17:23,idle,du1,241069,2158530.2962976075,2.158530
2026-06-27T21:17:23,idle,ue1,241134,529495.7914615631,0.529496
2026-06-27T21:17:23,idle,ue2,241146,524725.6117515373,0.524726
2026-06-27T21:17:23,idle,ue3,241158,574813.0552447796,0.574813
2026-06-27T21:17:23,idle,ue4,241170,541421.4262492848,0.541421
2026-06-27T21:17:29,idle,cu_cp,240880,215120.19190645276,0.215120
2026-06-27T21:17:29,idle,cu_up,240907,222624.41838552,0.222624
2026-06-27T21:17:29,idle,du1,241069,2178717.470315409,2.178717
2026-06-27T21:17:29,idle,ue1,241134,517789.3290831435,0.517789
2026-06-27T21:17:29,idle,ue2,241146,542803.2935502029,0.542803
2026-06-27T21:17:29,idle,ue3,241158,530296.3345285165,0.530296
2026-06-27T21:17:29,idle,ue4,241170,525293.5323503673,0.525294
2026-06-27T21:17:34,idle,cu_cp,240880,218116.876008265,0.218117
2026-06-27T21:17:34,idle,cu_up,240907,218116.876008265,0.218117
2026-06-27T21:17:34,idle,du1,241069,2213760.89186821,2.213761
2026-06-27T21:17:34,idle,ue1,241134,498910.9749504614,0.498911
2026-06-27T21:17:34,idle,ue2,241146,539024.4607637834,0.539024
2026-06-27T21:17:34,idle,ue3,241158,486375.5396483231,0.486376
2026-06-27T21:17:34,idle,ue4,241170,528996.0660988331,0.528996
2026-06-27T21:17:39,idle,cu_cp,240880,210082.2148039159,0.210082
2026-06-27T21:17:39,idle,cu_up,240907,217585.12542171002,0.217585
2026-06-27T21:17:39,idle,du1,241069,2165847.465974753,2.165847
2026-06-27T21:17:39,idle,ue1,241134,505197.64806294383,0.505198
2026-06-27T21:17:39,idle,ue2,241146,605236.8266257113,0.605237
2026-06-27T21:17:39,idle,ue3,241158,530207.4889943248,0.530207
2026-06-27T21:17:39,idle,ue4,241170,560219.2240468794,0.560219
2026-06-27T21:17:44,idle,cu_cp,240880,221364.25313364924,0.221364
2026-06-27T21:17:44,idle,cu_up,240907,221364.25313364924,0.221364
2026-06-27T21:17:44,idle,du1,241069,2170878.9377164366,2.170879
2026-06-27T21:17:44,idle,ue1,241134,520709.10575920343,0.520709
2026-06-27T21:17:44,idle,ue2,241146,576050.1282925415,0.576050
2026-06-27T21:17:44,idle,ue3,241158,520709.10575920343,0.520709
2026-06-27T21:17:44,idle,ue4,241170,573534.6611384904,0.573535
2026-06-27T21:17:49,idle,cu_cp,240880,213650.92442406027,0.213651
2026-06-27T21:17:49,idle,cu_up,240907,223705.08530009686,0.223705
2026-06-27T21:17:49,idle,du1,241069,2196834.209496822,2.196834
2026-06-27T21:17:49,idle,ue1,241134,552978.8714151436,0.552979
2026-06-27T21:17:49,idle,ue2,241146,600736.153001166,0.600736
2026-06-27T21:17:49,idle,ue3,241158,580627.8312490928,0.580628
2026-06-27T21:17:49,idle,ue4,241170,525329.9115811944,0.525330
2026-06-27T21:17:54,idle,cu_cp,240880,224567.66987320752,0.224568
2026-06-27T21:17:54,idle,cu_up,240907,224567.66987320752,0.224568
2026-06-27T21:17:54,idle,du1,241069,2207828.0793414046,2.207828
2026-06-27T21:17:54,idle,ue1,241134,567727.2350861746,0.567727
2026-06-27T21:17:54,idle,ue2,241146,590436.3413095898,0.590436
2026-06-27T21:17:54,idle,ue3,241158,585389.8836426383,0.585390
2026-06-27T21:17:54,idle,ue4,241170,585389.8836426383,0.585390
2026-06-27T21:18:00,idle,cu_cp,240880,218144.0696714401,0.218144
2026-06-27T21:18:00,idle,cu_up,240907,223158.87187188864,0.223159
2026-06-27T21:18:00,idle,du1,241069,2181440.6967144012,2.181441
2026-06-27T21:18:00,idle,ue1,241134,511510.1955431986,0.511510
2026-06-27T21:18:00,idle,ue2,241146,584224.9318208599,0.584225
2026-06-27T21:18:00,idle,ue3,241158,551628.659533968,0.551629
2026-06-27T21:18:00,idle,ue4,241170,539091.6888232327,0.539092
2026-06-27T21:18:05,idle,cu_cp,240880,215573.65198675633,0.215574
2026-06-27T21:18:05,idle,cu_up,240907,225718.29332842826,0.225718
2026-06-27T21:18:05,idle,du1,241069,2224212.731542711,2.224213
2026-06-27T21:18:05,idle,ue1,241134,563027.6414152479,0.563028
2026-06-27T21:18:05,idle,ue2,241146,570636.1458977294,0.570636
2026-06-27T21:18:05,idle,ue3,241158,570636.1458977294,0.570636
2026-06-27T21:18:05,idle,ue4,241170,598533.8861110997,0.598534
2026-06-27T21:18:10,idle,cu_cp,240880,214784.32429368197,0.214784
2026-06-27T21:18:10,idle,cu_up,240907,222364.95797905326,0.222365
2026-06-27T21:18:10,idle,du1,241069,2213541.9432450533,2.213542
2026-06-27T21:18:10,idle,ue1,241134,543277.9898513913,0.543278
2026-06-27T21:18:10,idle,ue2,241146,573600.4777310074,0.573600
2026-06-27T21:18:10,idle,ue3,241158,553385.4858112633,0.553385
2026-06-27T21:18:10,idle,ue4,241170,591288.583945316,0.591289
2026-06-27T21:18:15,idle,cu_cp,240880,227613.1820974338,0.227613
2026-06-27T21:18:15,idle,cu_up,240907,222555.13066421,0.222555
2026-06-27T21:18:15,idle,du1,241069,2238196.493846941,2.238196
2026-06-27T21:18:15,idle,ue1,241134,563974.9272590732,0.563975
2026-06-27T21:18:15,idle,ue2,241146,579149.1050074571,0.579149
2026-06-27T21:18:15,idle,ue3,241158,561445.8429206801,0.561446
2026-06-27T21:18:15,idle,ue4,241170,563974.9272590732,0.563975
2026-06-27T21:18:20,idle,cu_cp,240880,216321.27121958433,0.216321
2026-06-27T21:18:20,idle,cu_up,240907,222167.80276846795,0.222168
2026-06-27T21:18:20,idle,du1,241069,2209984.8713894747,2.209985
2026-06-27T21:18:20,idle,ue1,241134,567112.5117705386,0.567113
2026-06-27T21:18:20,idle,ue2,241146,578805.5748683059,0.578806
2026-06-27T21:18:20,idle,ue3,241158,561266.0035210145,0.561266
2026-06-27T21:18:20,idle,ue4,241170,555419.4952714902,0.555419
2026-06-27T21:18:26,idle,cu_cp,240880,215096.26781239628,0.215096
2026-06-27T21:18:26,idle,cu_up,240907,225588.7886804229,0.225589
2026-06-27T21:18:26,idle,du1,241069,2198179.0337438583,2.198179
2026-06-27T21:18:26,idle,ue1,241134,592826.3162348127,0.592826
2026-06-27T21:18:26,idle,ue2,241146,582333.8187943376,0.582334
2026-06-27T21:18:26,idle,ue3,241158,587580.0440870237,0.587580
2026-06-27T21:18:26,idle,ue4,241170,514132.56200369715,0.514133
2026-06-27T21:18:31,idle,cu_cp,240880,210364.55750439674,0.210365
2026-06-27T21:18:31,idle,cu_up,240907,219714.0877214974,0.219714
2026-06-27T21:18:31,idle,du1,241069,2155068.072450514,2.155068
2026-06-27T21:18:31,idle,ue1,241134,579671.198310213,0.579671
2026-06-27T21:18:31,idle,ue2,241146,551622.6308624804,0.551623
2026-06-27T21:18:31,idle,ue3,241158,523574.017007609,0.523574
2026-06-27T21:18:31,idle,ue4,241170,518899.24029727397,0.518899
2026-06-27T21:18:36,idle,cu_cp,240880,214874.17078894883,0.214874
2026-06-27T21:18:36,idle,cu_up,240907,223469.13949613928,0.223469
2026-06-27T21:18:36,idle,du1,241069,2230393.945775907,2.230394
2026-06-27T21:18:36,idle,ue1,241134,584457.7314165133,0.584458
2026-06-27T21:18:36,idle,ue2,241146,588755.2274928116,0.588755
2026-06-27T21:18:36,idle,ue3,241158,597350.1727545959,0.597350
2026-06-27T21:18:36,idle,ue4,241170,571565.2431876182,0.571565
2026-06-27T21:18:42,idle,cu_cp,240880,216737.09189617724,0.216737
2026-06-27T21:18:42,idle,cu_up,240907,220677.7743370083,0.220678
2026-06-27T21:18:42,idle,du1,241069,2202837.154055469,2.202837
2026-06-27T21:18:42,idle,ue1,241134,528050.3761198658,0.528050
2026-06-27T21:18:42,idle,ue2,241146,571397.7898427903,0.571398
2026-06-27T21:18:42,idle,ue3,241158,587160.5196061146,0.587161
2026-06-27T21:18:42,idle,ue4,241170,579279.1547244525,0.579279
2026-06-27T21:18:47,idle,cu_cp,240880,214772.1897640446,0.214772
2026-06-27T21:18:47,idle,cu_up,240907,224317.61835846872,0.224318
2026-06-27T21:18:47,idle,du1,241069,2171585.5387107586,2.171586
2026-06-27T21:18:47,idle,ue1,241134,548862.2601531416,0.548862
2026-06-27T21:18:47,idle,ue2,241146,565566.7949855101,0.565567
2026-06-27T21:18:47,idle,ue3,241158,575112.1771904326,0.575112
2026-06-27T21:18:47,idle,ue4,241170,513066.91452142654,0.513067
2026-06-27T21:18:52,idle,cu_cp,240880,214079.43492763102,0.214079
2026-06-27T21:18:52,idle,cu_up,240907,223700.9702053687,0.223701
2026-06-27T21:18:52,idle,du1,241069,2188902.0022609164,2.188902
2026-06-27T21:18:52,idle,ue1,241134,565265.8821364975,0.565266
2026-06-27T21:18:52,idle,ue2,241146,555644.3702628422,0.555644
2026-06-27T21:18:52,idle,ue3,241158,533995.8749307883,0.533996
2026-06-27T21:18:52,idle,ue4,241170,533995.8749307883,0.533996
2026-06-27T21:18:57,idle,cu_cp,240880,217093.40624114632,0.217093
2026-06-27T21:18:57,idle,cu_up,240907,224250.35674592614,0.224250
2026-06-27T21:18:57,idle,du1,241069,2161391.6166507723,2.161392
2026-06-27T21:18:57,idle,ue1,241134,574939.7231638181,0.574940
2026-06-27T21:18:57,idle,ue2,241146,579710.9925178683,0.579711
2026-06-27T21:18:57,idle,ue3,241158,527226.8902022028,0.527227
2026-06-27T21:18:57,idle,ue4,241170,529612.5248792279,0.529613
2026-06-27T21:19:03,idle,cu_cp,240880,214779.81038975687,0.214780
2026-06-27T21:19:03,idle,cu_up,240907,217166.24937736004,0.217166
2026-06-27T21:19:03,idle,du1,241069,2190753.959288969,2.190754
2026-06-27T21:19:03,idle,ue1,241134,541722.3923532343,0.541722
2026-06-27T21:19:03,idle,ue2,241146,527403.7120421582,0.527404
2026-06-27T21:19:03,idle,ue3,241158,546495.3167138976,0.546495
2026-06-27T21:19:03,idle,ue4,241170,575132.5845651359,0.575133
2026-06-27T21:19:08,idle,cu_cp,240880,215646.10493525505,0.215646
2026-06-27T21:19:08,idle,cu_up,240907,225230.40115239142,0.225230
2026-06-27T21:19:08,idle,du1,241069,2175629.641786823,2.175630
2026-06-27T21:19:08,idle,ue1,241134,553491.7066638422,0.553492
2026-06-27T21:19:08,idle,ue2,241146,572660.2524355889,0.572660
2026-06-27T21:19:08,idle,ue3,241158,527134.9853917694,0.527135
2026-06-27T21:19:08,idle,ue4,241170,603809.1218162298,0.603809
2026-06-27T21:19:13,idle,cu_cp,240880,217238.79890348643,0.217239
2026-06-27T21:19:13,idle,cu_up,240907,219626.04049667,0.219626
2026-06-27T21:19:13,idle,du1,241069,2210583.8080067467,2.210584
2026-06-27T21:19:13,idle,ue1,241134,525192.731828894,0.525193
2026-06-27T21:19:13,idle,ue2,241146,575324.735507167,0.575325
2026-06-27T21:19:13,idle,ue3,241158,572937.5171735107,0.572938
2026-06-27T21:19:13,idle,ue4,241170,592035.4033999246,0.592035
2026-06-27T21:19:18,idle,cu_cp,240880,213338.01655575962,0.213338
2026-06-27T21:19:18,idle,cu_up,240907,222926.2527550292,0.222926
2026-06-27T21:19:18,idle,du1,241069,2222071.2979642083,2.222071
2026-06-27T21:19:18,idle,ue1,241134,532146.5147776365,0.532147
2026-06-27T21:19:18,idle,ue2,241146,524955.3784122312,0.524955
2026-06-27T21:19:18,idle,ue3,241158,503381.8760953367,0.503382
2026-06-27T21:19:18,idle,ue4,241170,570499.4595747149,0.570499
2026-06-27T21:19:24,idle,cu_cp,240880,215588.6676337123,0.215589
2026-06-27T21:19:24,idle,cu_up,240907,215588.6676337123,0.215589
2026-06-27T21:19:24,idle,du1,241069,2180955.1055738353,2.180955
2026-06-27T21:19:24,idle,ue1,241134,516410.05031371594,0.516410
2026-06-27T21:19:24,idle,ue2,241146,556519.5741867685,0.556520
2026-06-27T21:19:24,idle,ue3,241158,536464.8122502422,0.536465
2026-06-27T21:19:24,idle,ue4,241170,531451.1449500561,0.531451
2026-06-27T21:19:29,idle,cu_cp,240880,213198.50322381526,0.213199
2026-06-27T21:19:29,idle,cu_up,240907,223231.3772413233,0.223231
2026-06-27T21:19:29,idle,du1,241069,2207231.7266659234,2.207232
2026-06-27T21:19:29,idle,ue1,241134,526725.7466227108,0.526726
2026-06-27T21:19:29,idle,ue2,241146,606988.6923306215,0.606989
2026-06-27T21:19:29,idle,ue3,241158,519201.0911095798,0.519201
2026-06-27T21:19:29,idle,ue4,241170,581906.5072868514,0.581907
2026-06-27T21:19:34,idle,cu_cp,240880,221626.2579570234,0.221626
2026-06-27T21:19:34,idle,cu_up,240907,221626.2579570234,0.221626
2026-06-27T21:19:34,idle,du1,241069,2206188.8208144666,2.206189
2026-06-27T21:19:34,idle,ue1,241134,551547.2052036166,0.551547
2026-06-27T21:19:34,idle,ue2,241146,579250.4728839875,0.579250
2026-06-27T21:19:34,idle,ue3,241158,506214.5218098879,0.506215
2026-06-27T21:19:34,idle,ue4,241170,551547.2052036166,0.551547
2026-06-27T21:19:39,idle,cu_cp,240880,212502.34828086197,0.212502
2026-06-27T21:19:39,idle,cu_up,240907,222621.50103711785,0.222622
2026-06-27T21:19:39,idle,du1,241069,2200917.1752803684,2.200917
2026-06-27T21:19:39,idle,ue1,241134,576792.0815052211,0.576792
2026-06-27T21:19:39,idle,ue2,241146,581851.6578833491,0.581852
2026-06-27T21:19:39,idle,ue3,241158,548964.3880256027,0.548964
2026-06-27T21:19:39,idle,ue4,241170,591970.8106396049,0.591971
2026-06-27T21:19:44,idle,cu_cp,240880,216711.49990311623,0.216711
2026-06-27T21:19:44,idle,cu_up,240907,221751.285972597,0.221751
2026-06-27T21:19:44,idle,du1,241069,2204913.464443812,2.204913
2026-06-27T21:19:44,idle,ue1,241134,554378.2382286739,0.554378
2026-06-27T21:19:44,idle,ue2,241146,577057.2988385189,0.577057
2026-06-27T21:19:44,idle,ue3,241158,587136.9641662061,0.587137
2026-06-27T21:19:44,idle,ue4,241170,566977.7266995573,0.566978
2026-06-27T21:19:50,idle,cu_cp,240880,215675.42410482228,0.215675
2026-06-27T21:19:50,idle,cu_up,240907,223198.99350721776,0.223199
2026-06-27T21:19:50,idle,du1,241069,2196879.851688793,2.196880
2026-06-27T21:19:50,idle,ue1,241134,551727.8193896633,0.551728
2026-06-27T21:19:50,idle,ue2,241146,579314.2405317802,0.579314
2026-06-27T21:19:50,idle,ue3,241158,586837.7635147392,0.586838
2026-06-27T21:19:50,idle,ue4,241170,601884.9023195303,0.601885
2026-06-27T21:19:55,idle,cu_cp,240880,221748.94468027086,0.221749
2026-06-27T21:19:55,idle,cu_up,240907,226788.69183257996,0.226789
2026-06-27T21:19:55,idle,du1,241069,2194810.6196066523,2.194811
2026-06-27T21:19:55,idle,ue1,241134,566971.7529076731,0.566972
2026-06-27T21:19:55,idle,ue2,241146,592170.4653429955,0.592170
2026-06-27T21:19:55,idle,ue3,241158,584610.8562776435,0.584611
2026-06-27T21:19:55,idle,ue4,241170,529173.61427602,0.529174
2026-06-27T21:20:00,idle,cu_cp,240880,219156.72729189636,0.219157
2026-06-27T21:20:00,idle,cu_up,240907,226713.8759563297,0.226714
2026-06-27T21:20:00,idle,du1,241069,2211719.6070666076,2.211720
2026-06-27T21:20:00,idle,ue1,241134,581898.9288220239,0.581899
2026-06-27T21:20:00,idle,ue2,241146,576860.8452851129,0.576861
2026-06-27T21:20:00,idle,ue3,241158,597013.1794327568,0.597013
2026-06-27T21:20:00,idle,ue4,241170,566784.6314931571,0.566785
2026-06-27T21:20:05,dl,cu_cp,240880,218581.69773782103,0.218582
2026-06-27T21:20:05,dl,cu_up,240907,223606.55473371298,0.223607
2026-06-27T21:20:05,dl,du1,241069,2155667.7889121342,2.155668
2026-06-27T21:20:05,dl,ue1,241134,577859.6703049642,0.577860
2026-06-27T21:20:05,dl,ue2,241146,540173.1730996877,0.540173
2026-06-27T21:20:05,dl,ue3,241158,565297.504569872,0.565298
2026-06-27T21:20:05,dl,ue4,241170,532635.8643604874,0.532636
2026-06-27T21:20:10,dl,cu_cp,240880,232996.59460551888,0.232997
2026-06-27T21:20:10,dl,cu_up,240907,277501.5757220328,0.277502
2026-06-27T21:20:10,dl,du1,241069,2507985.918964281,2.507986
2026-06-27T21:20:10,dl,ue1,241134,759202.468018123,0.759202
2026-06-27T21:20:10,dl,ue2,241146,811561.2037910897,0.811561
2026-06-27T21:20:10,dl,ue3,241158,832504.7271660983,0.832505
2026-06-27T21:20:10,dl,ue4,241170,712079.5040920759,0.712080
2026-06-27T21:20:16,dl,cu_cp,240880,245531.30179720998,0.245531
2026-06-27T21:20:16,dl,cu_up,240907,365149.10100271227,0.365149
2026-06-27T21:20:16,dl,du1,241069,3047106.1564863874,3.047106
2026-06-27T21:20:16,dl,ue1,241134,1170995.435388565,1.170995
2026-06-27T21:20:16,dl,ue2,241146,1183586.6880339575,1.183587
2026-06-27T21:20:16,dl,ue3,241158,1208769.5015787792,1.208770
2026-06-27T21:20:16,dl,ue4,241170,1227656.4319225408,1.227656
2026-06-27T21:20:21,dl,cu_cp,240880,241230.54078954516,0.241231
2026-06-27T21:20:21,dl,cu_up,240907,375870.8659688351,0.375871
2026-06-27T21:20:21,dl,du1,241069,3113557.2205732726,3.113557
2026-06-27T21:20:21,dl,ue1,241134,1194932.773364873,1.194933
2026-06-27T21:20:21,dl,ue2,241146,1217372.840430144,1.217373
2026-06-27T21:20:21,dl,ue3,241158,1206152.7554226173,1.206153
2026-06-27T21:20:21,dl,ue4,241170,1251032.8895531595,1.251033
2026-06-27T21:20:31,dl,cu_cp,240880,250345.54422935724,0.250346
2026-06-27T21:20:31,dl,cu_up,240907,380332.67156897637,0.380333
2026-06-27T21:20:31,dl,du1,241069,3100433.1199913477,3.100433
2026-06-27T21:20:31,dl,ue1,241134,1189141.283563472,1.189141
2026-06-27T21:20:31,dl,ue2,241146,1232470.3002470243,1.232470
2026-06-27T21:20:31,dl,ue3,241158,1232470.3002470243,1.232470
2026-06-27T21:20:31,dl,ue4,241170,1242098.9591709303,1.242099
2026-06-27T21:20:36,dl,cu_cp,240880,251243.3456887394,0.251243
2026-06-27T21:20:36,dl,cu_up,240907,370253.3353024662,0.370253
2026-06-27T21:20:36,dl,du1,241069,3094260.24418664,3.094260
2026-06-27T21:20:36,dl,ue1,241134,1190099.9989832162,1.190100
2026-06-27T21:20:36,dl,ue2,241146,1203323.3140215278,1.203323
2026-06-27T21:20:36,dl,ue3,241158,1207731.188546914,1.207731
2026-06-27T21:20:36,dl,ue4,241170,1238585.590302974,1.238586
2026-06-27T21:20:42,dl,cu_cp,240880,250754.14695382118,0.250754
2026-06-27T21:20:42,dl,cu_up,240907,353695.3087389469,0.353695
2026-06-27T21:20:42,dl,du1,241069,3038084.368419647,3.038084
2026-06-27T21:20:42,dl,ue1,241134,1166666.740012169,1.166667
2026-06-27T21:20:42,dl,ue2,241146,1208899.0141487122,1.208899
2026-06-27T21:20:42,dl,ue3,241158,1203619.9670362473,1.203620
2026-06-27T21:20:42,dl,ue4,241170,1248491.713347435,1.248492
2026-06-27T21:20:47,dl,cu_cp,240880,246565.74758640587,0.246566
2026-06-27T21:20:47,dl,cu_up,240907,356733.4127738327,0.356733
2026-06-27T21:20:47,dl,du1,241069,3032233.9445326566,3.032234
2026-06-27T21:20:47,dl,ue1,241134,1164629.6326876187,1.164630
2026-06-27T21:20:47,dl,ue2,241146,1182990.9529154706,1.182991
2026-06-27T21:20:47,dl,ue3,241158,1198729.1981188082,1.198729
2026-06-27T21:20:47,dl,ue4,241170,1222336.5659238147,1.222337
2026-06-27T21:20:52,dl,cu_cp,240880,241649.42855654954,0.241649
2026-06-27T21:20:52,dl,cu_up,240907,351967.6398231268,0.351968
2026-06-27T21:20:52,dl,du1,241069,3025871.2299871445,3.025871
2026-06-27T21:20:52,dl,ue1,241134,1155714.6916844845,1.155715
2026-06-27T21:20:52,dl,ue2,241146,1179354.2882826806,1.179354
2026-06-27T21:20:52,dl,ue3,241158,1142581.5597218513,1.142582
2026-06-27T21:20:52,dl,ue4,241170,1147834.7920396328,1.147835
2026-06-27T21:20:58,dl,cu_cp,240880,244538.54713533222,0.244539
2026-06-27T21:20:58,dl,cu_up,240907,360234.2539783847,0.360234
2026-06-27T21:20:58,dl,du1,241069,3023864.1592757036,3.023864
2026-06-27T21:20:58,dl,ue1,241134,1159586.0749875796,1.159586
2026-06-27T21:20:58,dl,ue2,241146,1180621.611472038,1.180622
2026-06-27T21:20:58,dl,ue3,241158,1201657.250427909,1.201657
2026-06-27T21:20:58,dl,ue4,241170,1167474.529258517,1.167475
2026-06-27T21:21:03,dl,cu_cp,240880,246098.07102883278,0.246098
2026-06-27T21:21:03,dl,cu_up,240907,356056.75858014467,0.356057
2026-06-27T21:21:03,dl,du1,241069,2992447.8322845553,2.992448
2026-06-27T21:21:03,dl,ue1,241134,1138858.1112546874,1.138858
2026-06-27T21:21:03,dl,ue2,241146,1170274.8133485746,1.170275
2026-06-27T21:21:03,dl,ue3,241158,1185983.266716721,1.185983
2026-06-27T21:21:03,dl,ue4,241170,1146712.2867781592,1.146712
2026-06-27T21:21:08,dl,cu_cp,240880,246969.14811881928,0.246969
2026-06-27T21:21:08,dl,cu_up,240907,354689.7528370276,0.354690
2026-06-27T21:21:08,dl,du1,241069,3050331.9103244664,3.050332
2026-06-27T21:21:08,dl,ue1,241134,1161280.4476893605,1.161280
2026-06-27T21:21:08,dl,ue2,241146,1195435.83648718,1.195436
2026-06-27T21:21:08,dl,ue3,241158,1187553.7684168697,1.187554
2026-06-27T21:21:08,dl,ue4,241170,1269001.0524075688,1.269001
2026-06-27T21:21:13,dl,cu_cp,240880,246737.07496314705,0.246737
2026-06-27T21:21:13,dl,cu_up,240907,349106.7094502151,0.349107
2026-06-27T21:21:13,dl,du1,241069,2997592.790878582,2.997593
2026-06-27T21:21:13,dl,ue1,241134,1160189.207930913,1.160189
2026-06-27T21:21:13,dl,ue2,241146,1165438.994518044,1.165439
2026-06-27T21:21:13,dl,ue3,241158,1196937.3041814303,1.196937
2026-06-27T21:21:13,dl,ue4,241170,1217936.1431354047,1.217936
2026-06-27T21:21:19,dl,cu_cp,240880,249049.78268259644,0.249050
2026-06-27T21:21:19,dl,cu_up,240907,359738.5578548419,0.359739
2026-06-27T21:21:19,dl,du1,241069,3027338.6562266634,3.027339
2026-06-27T21:21:19,dl,ue1,241134,1170533.9452024985,1.170534
2026-06-27T21:21:19,dl,ue2,241146,1167766.7193990182,1.167767
2026-06-27T21:21:19,dl,ue3,241158,1187137.3000233793,1.187137
2026-06-27T21:21:19,dl,ue4,241170,1275688.42294796,1.275688
2026-06-27T21:21:24,dl,cu_cp,240880,253048.12377265692,0.253048
2026-06-27T21:21:24,dl,cu_up,240907,364278.04112915753,0.364278
2026-06-27T21:21:24,dl,du1,241069,3067165.5683761453,3.067166
2026-06-27T21:21:24,dl,ue1,241134,1170695.1479191803,1.170695
2026-06-27T21:21:24,dl,ue2,241146,1201283.3340011395,1.201283
2026-06-27T21:21:24,dl,ue3,241158,1201283.3340011395,1.201283
2026-06-27T21:21:24,dl,ue4,241170,1254117.5859365559,1.254118
2026-06-27T21:21:29,dl,cu_cp,240880,243700.79464196204,0.243701
2026-06-27T21:21:29,dl,cu_up,240907,360012.5235365188,0.360013
2026-06-27T21:21:29,dl,du1,241069,3024105.2593188286,3.024105
2026-06-27T21:21:29,dl,ue1,241134,1154809.4146644115,1.154809
2026-06-27T21:21:29,dl,ue2,241146,1179733.3455682325,1.179733
2026-06-27T21:21:29,dl,ue3,241158,1193580.0423059892,1.193580
2026-06-27T21:21:29,dl,ue4,241170,1174194.625798416,1.174195
2026-06-27T21:21:34,dl,cu_cp,240880,252858.87855944305,0.252859
2026-06-27T21:21:34,dl,cu_up,240907,361226.9583604655,0.361227
2026-06-27T21:21:34,dl,du1,241069,3056535.82127347,3.056536
2026-06-27T21:21:34,dl,ue1,241134,1161483.6326362311,1.161484
2026-06-27T21:21:34,dl,ue2,241146,1203163.7226144492,1.203164
2026-06-27T21:21:34,dl,ue3,241158,1211499.6378485297,1.211500
2026-06-27T21:21:34,dl,ue4,241170,1233729.019170246,1.233729
2026-06-27T21:21:39,dl,cu_cp,240880,243924.93497941017,0.243925
2026-06-27T21:21:39,dl,cu_up,240907,354799.86806282046,0.354800
2026-06-27T21:21:39,dl,du1,241069,3043518.009941254,3.043518
2026-06-27T21:21:39,dl,ue1,241134,1178046.5428829957,1.178047
2026-06-27T21:21:39,dl,ue2,241146,1191905.9030968666,1.191906
2026-06-27T21:21:39,dl,ue3,241158,1197449.6060844613,1.197450
2026-06-27T21:21:39,dl,ue4,241170,1219624.6235246086,1.219625
2026-06-27T21:21:45,dl,cu_cp,240880,243532.60812651514,0.243533
2026-06-27T21:21:45,dl,cu_up,240907,337624.7341643393,0.337625
2026-06-27T21:21:45,dl,du1,241069,3002646.046947384,3.002646
2026-06-27T21:21:45,dl,ue1,241134,1156779.8566458463,1.156780
2026-06-27T21:21:45,dl,ue2,241146,1131873.079806304,1.131873
2026-06-27T21:21:45,dl,ue3,241158,1176151.7032932043,1.176152
2026-06-27T21:21:45,dl,ue4,241170,1225965.1547159671,1.225965
2026-06-27T21:21:50,dl,cu_cp,240880,255310.6450073123,0.255311
2026-06-27T21:21:50,dl,cu_up,240907,366315.29006602766,0.366315
2026-06-27T21:21:50,dl,du1,241069,3035976.6496405792,3.035977
2026-06-27T21:21:50,dl,ue1,241134,1151672.983250618,1.151673
2026-06-27T21:21:50,dl,ue2,241146,1218275.8475413132,1.218276
2026-06-27T21:21:50,dl,ue3,241158,1198850.0121231938,1.198850
2026-06-27T21:21:50,dl,ue4,241170,1237701.5799521445,1.237702
2026-06-27T21:21:55,dl,cu_cp,240880,243983.51964809417,0.243984
2026-06-27T21:21:55,dl,cu_up,240907,357657.64547957183,0.357658
2026-06-27T21:21:55,dl,du1,241069,3024841.144973545,3.024841
2026-06-27T21:21:55,dl,ue1,241134,1164466.7049566745,1.164467
2026-06-27T21:21:55,dl,ue2,241146,1189419.658284459,1.189420
2026-06-27T21:21:55,dl,ue3,241158,1161694.211642561,1.161694
2026-06-27T21:21:55,dl,ue4,241170,1211599.9128978252,1.211600
2026-06-27T21:22:00,dl,cu_cp,240880,247776.45023157448,0.247776
2026-06-27T21:22:00,dl,cu_up,240907,350784.6472444069,0.350785
2026-06-27T21:22:00,dl,du1,241069,3054053.6539390017,3.054054
2026-06-27T21:22:00,dl,ue1,241134,1180418.1518678619,1.180418
2026-06-27T21:22:00,dl,ue2,241146,1197122.246456306,1.197122
2026-06-27T21:22:00,dl,ue3,241158,1205474.1907418417,1.205474
2026-06-27T21:22:00,dl,ue4,241170,1241666.1896660984,1.241666
2026-06-27T21:22:05,dl,cu_cp,240880,241311.74837736995,0.241312
2026-06-27T21:22:05,dl,cu_up,240907,355264.5377525461,0.355265
2026-06-27T21:22:05,dl,du1,241069,3043209.335563781,3.043209
2026-06-27T21:22:05,dl,ue1,241134,1159637.1868084574,1.159637
2026-06-27T21:22:05,dl,ue2,241146,1206558.8191191887,1.206559
2026-06-27T21:22:05,dl,ue3,241158,1199855.6699453974,1.199856
2026-06-27T21:22:05,dl,ue4,241170,1199855.6699453974,1.199856
2026-06-27T21:22:11,dl,cu_cp,240880,250056.69234244138,0.250057
2026-06-27T21:22:11,dl,cu_up,240907,357223.8278098151,0.357224
2026-06-27T21:22:11,dl,du1,241069,3042356.47071013,3.042356
2026-06-27T21:22:11,dl,ue1,241134,1172884.8777036797,1.172885
2026-06-27T21:22:11,dl,ue2,241146,1172884.8777036797,1.172885
2026-06-27T21:22:11,dl,ue3,241158,1214561.040304513,1.214561
2026-06-27T21:22:11,dl,ue4,241170,1202653.5064159513,1.202654
2026-06-27T21:22:16,dl,cu_cp,240880,255454.63511163354,0.255455
2026-06-27T21:22:16,dl,cu_up,240907,372538.0417984873,0.372538
2026-06-27T21:22:16,dl,du1,241069,3060133.6917136717,3.060134
2026-06-27T21:22:16,dl,ue1,241134,1170833.8087830306,1.170834
2026-06-27T21:22:16,dl,ue2,241146,1218731.588353219,1.218732
2026-06-27T21:22:16,dl,ue3,241158,1197443.6633810902,1.197444
2026-06-27T21:22:16,dl,ue4,241170,1240019.410091145,1.240019
2026-06-27T21:22:21,dl,cu_cp,240880,249999.86301321985,0.250000
2026-06-27T21:22:21,dl,cu_up,240907,336538.31067929266,0.336538
2026-06-27T21:22:21,dl,du1,241069,3033652.510453224,3.033653
2026-06-27T21:22:21,dl,ue1,241134,1163460.9187058448,1.163461
2026-06-27T21:22:21,dl,ue2,241146,1187499.3364863396,1.187499
2026-06-27T21:22:21,dl,ue3,241158,1225960.948591423,1.225961
2026-06-27T21:22:21,dl,ue4,241170,1173076.3473850251,1.173076
2026-06-27T21:22:26,dl,cu_cp,240880,250805.5727294564,0.250806
2026-06-27T21:22:26,dl,cu_up,240907,365208.1219243455,0.365208
2026-06-27T21:22:26,dl,du1,241069,3124069.4219483663,3.124069
2026-06-27T21:22:26,dl,ue1,241134,1174826.1147101594,1.174826
2026-06-27T21:22:26,dl,ue2,241146,1174826.1147101594,1.174826
2026-06-27T21:22:26,dl,ue3,241158,1311229.1382447267,1.311229
2026-06-27T21:22:26,dl,ue4,241170,1236427.463518399,1.236427
2026-06-27T21:22:32,dl,cu_cp,240880,249887.3342708844,0.249887
2026-06-27T21:22:32,dl,cu_up,240907,358880.7300828439,0.358881
2026-06-27T21:22:32,dl,du1,241069,3118274.8006865666,3.118275
2026-06-27T21:22:32,dl,ue1,241134,1188293.96030756,1.188294
2026-06-27T21:22:32,dl,ue2,241146,1206902.5283549011,1.206903
2026-06-27T21:22:32,dl,ue3,241158,1257411.7940956282,1.257412
2026-06-27T21:22:32,dl,ue4,241170,1233486.3741898693,1.233486
2026-06-27T21:22:37,dl,cu_cp,240880,245015.3551755911,0.245015
2026-06-27T21:22:37,dl,cu_up,240907,353032.89419646084,0.353033
2026-06-27T21:22:37,dl,du1,241069,3037663.6399504757,3.037664
2026-06-27T21:22:37,dl,ue1,241134,1156577.8292741608,1.156578
2026-06-27T21:22:37,dl,ue2,241146,1204000.1709957982,1.204000
2026-06-27T21:22:37,dl,ue3,241158,1196096.4987441038,1.196096
2026-06-27T21:22:37,dl,ue4,241170,1211903.8432474923,1.211904
2026-06-27T21:22:42,dl,cu_cp,240880,253579.42985708,0.253579
2026-06-27T21:22:42,dl,cu_up,240907,361879.0086329806,0.361879
2026-06-27T21:22:42,dl,du1,241069,3079933.6367899706,3.079934
2026-06-27T21:22:42,dl,ue1,241134,1172804.895307703,1.172805
2026-06-27T21:22:42,dl,ue2,241146,1175446.3138724042,1.175446
2026-06-27T21:22:42,dl,ue3,241158,1225633.9883007861,1.225634
2026-06-27T21:22:42,dl,ue4,241170,1204502.3304835795,1.204502
2026-06-27T21:22:48,dl,cu_cp,240880,247200.83335444628,0.247201
2026-06-27T21:22:48,dl,cu_up,240907,357652.27172389627,0.357652
2026-06-27T21:22:48,dl,du1,241069,3037414.4265089035,3.037414
2026-06-27T21:22:48,dl,ue1,241134,1159740.1286094189,1.159740
2026-06-27T21:22:48,dl,ue2,241146,1196557.1546583294,1.196557
2026-06-27T21:22:48,dl,ue3,241158,1186038.033764577,1.186038
2026-06-27T21:22:48,dl,ue4,241170,1201816.8180259825,1.201817
2026-06-27T21:22:53,dl,cu_cp,240880,248780.3450458777,0.248780
2026-06-27T21:22:53,dl,cu_up,240907,365230.706725727,0.365231
2026-06-27T21:22:53,dl,du1,241069,3064762.300464592,3.064762
2026-06-27T21:22:53,dl,ue1,241134,1175090.1513833296,1.175090
2026-06-27T21:22:53,dl,ue2,241146,1198909.558171016,1.198910
2026-06-27T21:22:53,dl,ue3,241158,1159210.581180315,1.159211
2026-06-27T21:22:53,dl,ue4,241170,1228022.155026374,1.228022
2026-06-27T21:22:58,dl,cu_cp,240880,248905.21112119855,0.248905
2026-06-27T21:22:58,dl,cu_up,240907,360118.1673704508,0.360118
2026-06-27T21:22:58,dl,du1,241069,3098075.2576787495,3.098075
2026-06-27T21:22:58,dl,ue1,241134,1167736.079287963,1.167736
2026-06-27T21:22:58,dl,ue2,241146,1199511.2170107616,1.199511
2026-06-27T21:22:58,dl,ue3,241158,1183623.5965882766,1.183624
2026-06-27T21:22:58,dl,ue4,241170,1228638.383622422,1.228638
2026-06-27T21:23:03,dl,cu_cp,240880,250765.12451839686,0.250765
2026-06-27T21:23:03,dl,cu_up,240907,345791.9120605424,0.345792
2026-06-27T21:23:03,dl,du1,241069,3014460.710261762,3.014461
2026-06-27T21:23:03,dl,ue1,241134,1164078.128131194,1.164078
2026-06-27T21:23:03,dl,ue2,241146,1195753.7325386154,1.195754
2026-06-27T21:23:03,dl,ue3,241158,1198393.3405591154,1.198393
2026-06-27T21:23:03,dl,ue4,241170,1216870.802143563,1.216871
2026-06-27T21:23:09,dl,cu_cp,240880,248694.61169855832,0.248695
2026-06-27T21:23:09,dl,cu_up,240907,363261.7592775893,0.363262
2026-06-27T21:23:09,dl,du1,241069,3090519.576352091,3.090520
2026-06-27T21:23:09,dl,ue1,241134,1190380.88883955,1.190381
2026-06-27T21:23:09,dl,ue2,241146,1215529.7270055627,1.215530
2026-06-27T21:23:09,dl,ue3,241158,1215529.7270055627,1.215530
2026-06-27T21:23:09,dl,ue4,241170,1251856.0217709779,1.251856
2026-06-27T21:23:14,dl,cu_cp,240880,250103.0389227429,0.250103
2026-06-27T21:23:14,dl,cu_up,240907,352923.15455040755,0.352923
2026-06-27T21:23:14,dl,du1,241069,3056814.6741836737,3.056815
2026-06-27T21:23:14,dl,ue1,241134,1158810.6586263787,1.158811
2026-06-27T21:23:14,dl,ue2,241146,1142137.1861961805,1.142137
2026-06-27T21:23:14,dl,ue3,241158,1225504.7542865812,1.225505
2026-06-27T21:23:14,dl,ue4,241170,1253294.115266223,1.253294
2026-06-27T21:23:19,dl,cu_cp,240880,250594.4225002885,0.250594
2026-06-27T21:23:19,dl,cu_up,240907,367538.4777418971,0.367538
2026-06-27T21:23:19,dl,du1,241069,3040545.539384136,3.040546
2026-06-27T21:23:19,dl,ue1,241134,1158303.1313574028,1.158303
2026-06-27T21:23:19,dl,ue2,241146,1172225.0365586472,1.172225
2026-06-27T21:23:19,dl,ue3,241158,1208421.9900818826,1.208422
2026-06-27T21:23:19,dl,ue4,241170,1216775.1332026292,1.216775
2026-06-27T21:23:24,dl,cu_cp,240880,250406.90372254013,0.250407
2026-06-27T21:23:24,dl,cu_up,240907,356134.2367578149,0.356134
2026-06-27T21:23:24,dl,du1,241069,3027141.089668007,3.027141
2026-06-27T21:23:24,dl,ue1,241134,1174130.0690509127,1.174130
2026-06-27T21:23:24,dl,ue2,241146,1190823.881510024,1.190824
2026-06-27T21:23:24,dl,ue3,241158,1213082.332445097,1.213082
2026-06-27T21:23:24,dl,ue4,241170,1199170.8392239667,1.199171
2026-06-27T21:23:29,dl,cu_cp,240880,244796.42261211335,0.244796
2026-06-27T21:23:29,dl,cu_up,240907,358849.2773906052,0.358849
2026-06-27T21:23:29,dl,du1,241069,3057173.325874801,3.057173
2026-06-27T21:23:29,dl,ue1,241134,1123838.091630931,1.123838
2026-06-27T21:23:29,dl,ue2,241146,1193382.5666565811,1.193383
2026-06-27T21:23:29,dl,ue3,241158,1215636.7822231161,1.215637
2026-06-27T21:23:29,dl,ue4,241170,1179473.6305472683,1.179474
2026-06-27T21:23:35,dl,cu_cp,240880,250443.3658989528,0.250443
2026-06-27T21:23:35,dl,cu_up,240907,353403.41374566883,0.353403
2026-06-27T21:23:35,dl,du1,241069,3047061.016230817,3.047061
2026-06-27T21:23:35,dl,ue1,241134,1171518.3780746735,1.171518
2026-06-27T21:23:35,dl,ue2,241146,1199345.3929460228,1.199345
2026-06-27T21:23:35,dl,ue3,241158,1182649.1633959413,1.182649
2026-06-27T21:23:35,dl,ue4,241170,1227172.5109537316,1.227173
2026-06-27T21:23:40,dl,cu_cp,240880,250239.77610082508,0.250240
2026-06-27T21:23:40,dl,cu_up,240907,355896.5801672104,0.355897
2026-06-27T21:23:40,dl,du1,241069,3064047.1893746853,3.064047
2026-06-27T21:23:40,dl,ue1,241134,1165005.1604217673,1.165005
2026-06-27T21:23:40,dl,ue2,241146,1178907.3302116608,1.178907
2026-06-27T21:23:40,dl,ue3,241158,1206711.7726318396,1.206712
2026-06-27T21:23:40,dl,ue4,241170,1176126.9373898387,1.176127
2026-06-27T21:23:45,dl,cu_cp,240880,244858.06293082924,0.244858
2026-06-27T21:23:45,dl,cu_up,240907,361722.1144288641,0.361722
2026-06-27T21:23:45,dl,du1,241069,3027335.919704671,3.027336
2026-06-27T21:23:45,dl,ue1,241134,1165858.3275258804,1.165858
2026-06-27T21:23:45,dl,ue2,241146,1188118.0929123927,1.188118
2026-06-27T21:23:45,dl,ue3,241158,1168640.7724520266,1.168641
2026-06-27T21:23:45,dl,ue4,241170,1240985.164441198,1.240985
2026-06-27T21:23:50,dl,cu_cp,240880,247975.58130788387,0.247976
2026-06-27T21:23:50,dl,cu_up,240907,359425.26714416983,0.359425
2026-06-27T21:23:50,dl,du1,241069,3034218.3465610268,3.034218
2026-06-27T21:23:50,dl,ue1,241134,1164649.3808578157,1.164649
2026-06-27T21:23:50,dl,ue2,241146,1198084.2582220102,1.198084
2026-06-27T21:23:50,dl,ue3,241158,1181366.8711520792,1.181367
2026-06-27T21:23:50,dl,ue4,241170,1228732.9044078826,1.228733
2026-06-27T21:23:55,dl,cu_cp,240880,243100.7094588393,0.243101
2026-06-27T21:23:55,dl,cu_up,240907,354795.6508842874,0.354796
2026-06-27T21:23:55,dl,du1,241069,2996051.8199378443,2.996052
2026-06-27T21:23:55,dl,ue1,241134,1149800.6118147469,1.149801
2026-06-27T21:23:55,dl,ue2,241146,1189222.4194188952,1.189222
2026-06-27T21:23:55,dl,ue3,241158,1195792.6692234993,1.195793
2026-06-27T21:23:55,dl,ue4,241170,1189222.4194188952,1.189222
2026-06-27T21:24:01,dl,cu_cp,240880,252105.75664916218,0.252106
2026-06-27T21:24:01,dl,cu_up,240907,375227.1744913012,0.375227
2026-06-27T21:24:01,dl,du1,241069,3113212.9718427802,3.113213
2026-06-27T21:24:01,dl,ue1,241134,1190173.6540876294,1.190174
2026-06-27T21:24:01,dl,ue2,241146,1196036.6009123707,1.196037
2026-06-27T21:24:01,dl,ue3,241158,1149133.2331932974,1.149133
2026-06-27T21:24:01,dl,ue4,241170,1237077.0218067027,1.237077
2026-06-27T21:24:06,dl,cu_cp,240880,252586.11846819342,0.252586
2026-06-27T21:24:06,dl,cu_up,240907,368354.78402338387,0.368355
2026-06-27T21:24:06,dl,du1,241069,3083655.725100074,3.083656
2026-06-27T21:24:06,dl,ue1,241134,1173473.0785266531,1.173473
2026-06-27T21:24:06,dl,ue2,241146,1220833.0691772222,1.220833
2026-06-27T21:24:06,dl,ue3,241158,1199784.127163769,1.199784
2026-06-27T21:24:06,dl,ue4,241170,1215570.7563460385,1.215571
2026-06-27T21:24:11,dl,cu_cp,240880,246066.83046614082,0.246067
2026-06-27T21:24:11,dl,cu_up,240907,359636.1308967322,0.359636
2026-06-27T21:24:11,dl,du1,241069,3019050.67914536,3.019051
2026-06-27T21:24:11,dl,ue1,241134,1178281.5659499108,1.178282
2026-06-27T21:24:11,dl,ue2,241146,1201941.7693236887,1.201942
2026-06-27T21:24:11,dl,ue3,241158,1201941.7693236887,1.201942
2026-06-27T21:24:11,dl,ue4,241170,1197209.7698218166,1.197210
2026-06-27T21:24:17,dl,cu_cp,240880,244124.73143399655,0.244125
2026-06-27T21:24:17,dl,cu_up,240907,357468.38159430923,0.357468
2026-06-27T21:24:17,dl,du1,241069,3068996.9477338316,3.068997
2026-06-27T21:24:17,dl,ue1,241134,1172670.715165186,1.172671
2026-06-27T21:24:17,dl,ue2,241146,1194467.5233859778,1.194468
2026-06-27T21:24:17,dl,ue3,241158,1190108.1205064536,1.190108
2026-06-27T21:24:17,dl,ue4,241170,1207545.5258477211,1.207546
2026-06-27T21:24:22,dl,cu_cp,240880,251282.21578904628,0.251282
2026-06-27T21:24:22,dl,cu_up,240907,357085.25537266734,0.357085
2026-06-27T21:24:22,dl,du1,241069,3041837.4331378555,3.041837
2026-06-27T21:24:22,dl,ue1,241134,1179703.9570872688,1.179704
2026-06-27T21:24:22,dl,ue2,241146,1198219.4754817772,1.198219
2026-06-27T21:24:22,dl,ue3,241158,1227315.3932074355,1.227315
2026-06-27T21:24:22,dl,ue4,241170,1227315.3932074355,1.227315
2026-06-27T21:24:27,dl,cu_cp,240880,251847.88631319403,0.251848
2026-06-27T21:24:27,dl,cu_up,240907,363191.14224561455,0.363191
2026-06-27T21:24:27,dl,du1,241069,3099054.430373907,3.099054
2026-06-27T21:24:27,dl,ue1,241134,1150547.1674036265,1.150547
2026-06-27T21:24:27,dl,ue2,241146,1208869.8129719973,1.208870
2026-06-27T21:24:27,dl,ue3,241158,1198265.742563355,1.198266
2026-06-27T21:24:27,dl,ue4,241170,1251286.4045915722,1.251286
2026-06-27T21:24:32,dl,cu_cp,240880,246360.29846032857,0.246360
2026-06-27T21:24:32,dl,cu_up,240907,360268.8249418169,0.360269
2026-06-27T21:24:32,dl,du1,241069,3072881.419471383,3.072881
2026-06-27T21:24:32,dl,ue1,241134,1139085.3164085983,1.139085
2026-06-27T21:24:32,dl,ue2,241146,1202662.1875959276,1.202662
2026-06-27T21:24:32,dl,ue3,241158,1202662.1875959276,1.202662
2026-06-27T21:24:32,dl,ue4,241170,1242397.706291151,1.242398
2026-06-27T21:24:38,dl,cu_cp,240880,252141.8227649975,0.252142
2026-06-27T21:24:38,dl,cu_up,240907,366269.1472604656,0.366269
2026-06-27T21:24:38,dl,du1,241069,3049588.918073959,3.049589
2026-06-27T21:24:38,dl,ue1,241134,1157198.1821268082,1.157198
2026-06-27T21:24:38,dl,ue2,241146,1210280.6874095534,1.210281
2026-06-27T21:24:38,dl,ue3,241158,1199664.165732193,1.199664
2026-06-27T21:24:38,dl,ue4,241170,1236821.9400509263,1.236822
2026-06-27T21:24:43,dl,cu_cp,240880,251847.54747801484,0.251848
2026-06-27T21:24:43,dl,cu_up,240907,357888.6010772568,0.357889
2026-06-27T21:24:43,dl,du1,241069,3040727.7528251936,3.040728
2026-06-27T21:24:43,dl,ue1,241134,1163800.7478434967,1.163801
2026-06-27T21:24:43,dl,ue2,241146,1208868.2072408414,1.208868
2026-06-27T21:24:43,dl,ue3,241158,1211519.2038912296,1.211519
2026-06-27T21:24:43,dl,ue4,241170,1240680.580118096,1.240681
2026-06-27T21:24:48,dl,cu_cp,240880,251836.49965148987,0.251836
2026-06-27T21:24:48,dl,cu_up,240907,363174.72722920746,0.363175
2026-06-27T21:24:48,dl,du1,241069,3048547.0522288014,3.048547
2026-06-27T21:24:48,dl,ue1,241134,1166400.646236645,1.166401
2026-06-27T21:24:48,dl,ue2,241146,1195560.5876776504,1.195561
2026-06-27T21:24:48,dl,ue3,241158,1200862.3577378155,1.200862
2026-06-27T21:24:48,dl,ue4,241170,1214116.988998326,1.214117
2026-06-27T21:24:53,dl,cu_cp,240880,248001.98048088013,0.248002
2026-06-27T21:24:53,dl,cu_up,240907,362669.565070951,0.362670
2026-06-27T21:24:53,dl,du1,241069,3026690.714551811,3.026691
2026-06-27T21:24:53,dl,ue1,241134,1168009.2708877157,1.168009
2026-06-27T21:24:53,dl,ue2,241146,1197342.8977813292,1.197343
2026-06-27T21:24:53,dl,ue3,241158,1181342.7001668597,1.181343
2026-06-27T21:24:53,dl,ue4,241170,1208009.6618245183,1.208010
2026-06-27T21:24:59,dl,cu_cp,240880,250346.81600376515,0.250347
2026-06-27T21:24:59,dl,cu_up,240907,364393.6905473247,0.364394
2026-06-27T21:24:59,dl,du1,241069,3048667.977411854,3.048668
2026-06-27T21:24:59,dl,ue1,241134,1157158.6551315128,1.157159
2026-06-27T21:24:59,dl,ue2,241146,1193319.8341168463,1.193320
2026-06-27T21:24:59,dl,ue3,241158,1187756.5995960473,1.187757
2026-06-27T21:24:59,dl,ue4,241170,1204446.4062252045,1.204446
2026-06-27T21:25:04,dl,cu_cp,240880,250288.546565305,0.250289
2026-06-27T21:25:04,dl,cu_up,240907,367089.8872045818,0.367090
2026-06-27T21:25:04,dl,du1,241069,3045177.5056325556,3.045178
2026-06-27T21:25:04,dl,ue1,241134,1168013.2516843951,1.168013
2026-06-27T21:25:04,dl,ue2,241146,1198604.047684654,1.198604
2026-06-27T21:25:04,dl,ue3,241158,1218071.0022530223,1.218071
2026-06-27T21:25:04,dl,ue4,241170,1215290.0676797784,1.215290
2026-06-27T21:25:09,dl,cu_cp,240880,249224.6745310515,0.249225
2026-06-27T21:25:09,dl,cu_up,240907,339851.8098609537,0.339852
2026-06-27T21:25:09,dl,du1,241069,3021849.404551101,3.021849
2026-06-27T21:25:09,dl,ue1,241134,1206474.007495153,1.206474
2026-06-27T21:25:09,dl,ue2,241146,1217802.3601310253,1.217802
2026-06-27T21:25:09,dl,ue3,241158,1118678.9341373085,1.118679
2026-06-27T21:25:09,dl,ue4,241170,1274444.3328056694,1.274444
2026-06-27T21:25:14,dl,cu_cp,240880,234594.44868692846,0.234594
2026-06-27T21:25:14,dl,cu_up,240907,255921.22572357894,0.255921
2026-06-27T21:25:14,dl,du1,241069,2407258.961595008,2.407259
2026-06-27T21:25:14,dl,ue1,241134,690454.0641396475,0.690454
2026-06-27T21:25:14,dl,ue2,241146,730441.7865077775,0.730442
2026-06-27T21:25:14,dl,ue3,241158,647800.5594244599,0.647801
2026-06-27T21:25:14,dl,ue4,241170,741105.2120446878,0.741105
2026-06-27T21:25:19,ul,cu_cp,240880,222087.26265341282,0.222087
2026-06-27T21:25:19,ul,cu_up,240907,227252.07659907223,0.227252
2026-06-27T21:25:19,ul,du1,241069,2246696.528905115,2.246697
2026-06-27T21:25:19,ul,ue1,241134,547470.8998527622,0.547471
2026-06-27T21:25:19,ul,ue2,241146,565547.7367084766,0.565548
2026-06-27T21:25:19,ul,ue3,241158,570712.574562323,0.570713
2026-06-27T21:25:19,ul,ue4,241170,599119.0871257305,0.599119
2026-06-27T21:25:25,ul,cu_cp,240880,231115.12750387192,0.231115
2026-06-27T21:25:25,ul,cu_up,240907,241620.3561489737,0.241620
2026-06-27T21:25:25,ul,du1,241069,2497619.241620679,2.497619
2026-06-27T21:25:25,ul,ue1,241134,745871.5257371247,0.745872
2026-06-27T21:25:25,ul,ue2,241146,764255.6880300068,0.764256
2026-06-27T21:25:25,ul,ue3,241158,735366.2970920228,0.735366
2026-06-27T21:25:25,ul,ue4,241170,766882.0316831446,0.766882
2026-06-27T21:25:30,ul,cu_cp,240880,233901.52130056053,0.233902
2026-06-27T21:25:30,ul,cu_up,240907,258098.23641062705,0.258098
2026-06-27T21:25:30,ul,du1,241069,2761113.2773584034,2.761113
2026-06-27T21:25:30,ul,ue1,241134,908720.8683231521,0.908721
2026-06-27T21:25:30,ul,ue2,241146,919474.9749936736,0.919475
2026-06-27T21:25:30,ul,ue3,241158,895278.3096808207,0.895278
2026-06-27T21:25:30,ul,ue4,241170,962491.4016757596,0.962491
2026-06-27T21:25:35,ul,cu_cp,240880,234234.3016232148,0.234234
2026-06-27T21:25:35,ul,cu_up,240907,258465.44400780648,0.258465
2026-06-27T21:25:35,ul,du1,241069,2813503.9187916396,2.813504
2026-06-27T21:25:35,ul,ue1,241134,926167.809877485,0.926168
2026-06-27T21:25:35,ul,ue2,241146,934244.9071797967,0.934245
2026-06-27T21:25:35,ul,ue3,241158,945014.3037951707,0.945014
2026-06-27T21:25:35,ul,ue4,241170,958475.9997236073,0.958476
2026-06-27T21:25:40,ul,cu_cp,240880,234876.606510787,0.234877
2026-06-27T21:25:40,ul,cu_up,240907,261873.90382420062,0.261874
2026-06-27T21:25:40,ul,du1,241069,2823918.6576694013,2.823919
2026-06-27T21:25:40,ul,ue1,241134,934106.9465997838,0.934107
2026-06-27T21:25:40,ul,ue2,241146,939506.426043148,0.939506
2026-06-27T21:25:40,ul,ue3,241158,923307.9877130556,0.923308
2026-06-27T21:25:40,ul,ue4,241170,958404.554143219,0.958405
2026-06-27T21:25:45,ul,cu_cp,240880,232654.99180154444,0.232655
2026-06-27T21:25:45,ul,cu_up,240907,264968.21355505945,0.264968
2026-06-27T21:25:45,ul,du1,241069,2811247.9195975685,2.811248
2026-06-27T21:25:45,ul,ue1,241134,950007.885271182,0.950008
2026-06-27T21:25:45,ul,ue2,241146,911232.1490552044,0.911232
2026-06-27T21:25:45,ul,ue3,241158,911232.1490552044,0.911232
2026-06-27T21:25:45,ul,ue4,241170,969395.8033361865,0.969396
2026-06-27T21:25:51,ul,cu_cp,240880,234327.8975834143,0.234328
2026-06-27T21:25:51,ul,cu_up,240907,268619.7618708956,0.268620
2026-06-27T21:25:51,ul,du1,241069,2806219.193700075,2.806219
2026-06-27T21:25:51,ul,ue1,241134,931596.2129724979,0.931596
2026-06-27T21:25:51,ul,ue2,241146,960172.7998686886,0.960173
2026-06-27T21:25:51,ul,ue3,241158,885873.6939325667,0.885874
2026-06-27T21:25:51,ul,ue4,241170,960172.7998686886,0.960173
2026-06-27T21:25:56,ul,cu_cp,240880,226336.7163254845,0.226337
2026-06-27T21:25:56,ul,cu_up,240907,257200.80382568718,0.257201
2026-06-27T21:25:56,ul,du1,241069,2798344.729696579,2.798345
2026-06-27T21:25:56,ul,ue1,241134,956786.9613640547,0.956787
2026-06-27T21:25:56,ul,ue2,241146,925922.8240922976,0.925923
2026-06-27T21:25:56,ul,ue3,241158,905346.865301938,0.905347
2026-06-27T21:25:56,ul,ue4,241170,941354.8927281761,0.941355
2026-06-27T21:26:01,ul,cu_cp,240880,233420.52393547655,0.233421
2026-06-27T21:26:01,ul,cu_up,240907,261430.98880251645,0.261431
2026-06-27T21:26:01,ul,du1,241069,2824388.3371257875,2.824388
2026-06-27T21:26:01,ul,ue1,241134,905671.6558096504,0.905672
2026-06-27T21:26:01,ul,ue2,241146,947687.2658384657,0.947687
2026-06-27T21:26:01,ul,ue3,241158,943018.8758062791,0.943019
2026-06-27T21:26:01,ul,ue4,241170,961692.5356741619,0.961693
2026-06-27T21:26:06,ul,cu_cp,240880,235830.67398912788,0.235831
2026-06-27T21:26:06,ul,cu_up,240907,265845.4629326132,0.265845
2026-06-27T21:26:06,ul,du1,241069,2804241.0615821816,2.804241
2026-06-27T21:26:06,ul,ue1,241134,939034.8582419526,0.939035
2026-06-27T21:26:06,ul,ue2,241146,951898.2713077271,0.951898
2026-06-27T21:26:06,ul,ue3,241158,964761.8845293057,0.964762
2026-06-27T21:26:06,ul,ue4,241170,969049.6221659625,0.969050
2026-06-27T21:26:12,ul,cu_cp,240880,228542.6190575698,0.228543
2026-06-27T21:26:12,ul,cu_up,240907,253936.2406435129,0.253936
2026-06-27T21:26:12,ul,du1,241069,2750129.361505313,2.750129
2026-06-27T21:26:12,ul,ue1,241134,916709.8532593227,0.916710
2026-06-27T21:26:12,ul,ue2,241146,926867.2622391689,0.926867
2026-06-27T21:26:12,ul,ue3,241158,914170.4762302792,0.914170
2026-06-27T21:26:12,ul,ue4,241170,972575.7513529682,0.972576
2026-06-27T21:26:17,ul,cu_cp,240880,232837.87293898046,0.232838
2026-06-27T21:26:17,ul,cu_up,240907,258424.4485513568,0.258424
2026-06-27T21:26:17,ul,du1,241069,2747998.6092800405,2.747999
2026-06-27T21:26:17,ul,ue1,241134,926234.2065188944,0.926234
2026-06-27T21:26:17,ul,ue2,241146,931351.4917559219,0.931351
2026-06-27T21:26:17,ul,ue3,241158,949262.0398945975,0.949262
2026-06-27T21:26:17,ul,ue4,241170,946703.4470851636,0.946703
2026-06-27T21:26:22,ul,cu_cp,240880,234487.33241218387,0.234487
2026-06-27T21:26:22,ul,cu_up,240907,254877.56120717467,0.254878
2026-06-27T21:26:22,ul,du1,241069,2767970.3973586084,2.767970
2026-06-27T21:26:22,ul,ue1,241134,927754.2650396085,0.927754
2026-06-27T21:26:22,ul,ue2,241146,932851.797344172,0.932852
2026-06-27T21:26:22,ul,ue3,241158,945595.7276823175,0.945596
2026-06-27T21:26:22,ul,ue4,241170,935400.5634964538,0.935401
2026-06-27T21:26:28,ul,cu_cp,240880,233489.38138730882,0.233489
2026-06-27T21:26:28,ul,cu_up,240907,259147.54967544437,0.259148
2026-06-27T21:26:28,ul,du1,241069,2807004.210305333,2.807004
2026-06-27T21:26:28,ul,ue1,241134,949352.5264526677,0.949353
2026-06-27T21:26:28,ul,ue2,241146,951918.2433509302,0.951918
2026-06-27T21:26:28,ul,ue3,241158,946786.6096933031,0.946787
2026-06-27T21:26:28,ul,ue4,241170,946786.6096933031,0.946787
2026-06-27T21:26:33,ul,cu_cp,240880,232015.24936368526,0.232015
2026-06-27T21:26:33,ul,cu_up,240907,260061.04655056595,0.260061
2026-06-27T21:26:33,ul,du1,241069,2768885.1988783455,2.768885
2026-06-27T21:26:33,ul,ue1,241134,917862.5347956205,0.917863
2026-06-27T21:26:33,ul,ue2,241146,945908.307108202,0.945908
2026-06-27T21:26:33,ul,ue3,241158,930610.6131195212,0.930611
2026-06-27T21:26:33,ul,ue4,241170,915312.9191308403,0.915313
2026-06-27T21:26:38,ul,cu_cp,240880,236721.0689396596,0.236721
2026-06-27T21:26:38,ul,cu_up,240907,257084.17004093886,0.257084
2026-06-27T21:26:38,ul,du1,241069,2784654.386221409,2.784654
2026-06-27T21:26:38,ul,ue1,241134,855250.3456525994,0.855250
2026-06-27T21:26:38,ul,ue2,241146,941793.4632087421,0.941793
2026-06-27T21:26:38,ul,ue3,241158,931611.9375078201,0.931612
2026-06-27T21:26:38,ul,ue4,241170,949429.6820335865,0.949430
2026-06-27T21:26:43,ul,cu_cp,240880,235170.6377757898,0.235171
2026-06-27T21:26:43,ul,cu_up,240907,268401.26839877246,0.268401
2026-06-27T21:26:43,ul,du1,241069,2781148.5764361024,2.781149
2026-06-27T21:26:43,ul,ue1,241134,879333.6869104957,0.879334
2026-06-27T21:26:43,ul,ue2,241146,917676.8390280807,0.917677
2026-06-27T21:26:43,ul,ue3,241158,945794.9979329812,0.945795
2026-06-27T21:26:43,ul,ue4,241170,915120.5160601294,0.915121
2026-06-27T21:26:49,ul,cu_cp,240880,231162.87925138712,0.231163
2026-06-27T21:26:49,ul,cu_up,240907,260730.21327400446,0.260730
2026-06-27T21:26:49,ul,du1,241069,2760514.9442427442,2.760515
2026-06-27T21:26:49,ul,ue1,241134,911211.8106716298,0.911212
2026-06-27T21:26:49,ul,ue2,241146,905835.9679620696,0.905836
2026-06-27T21:26:49,ul,ue3,241158,932715.3806299067,0.932715
2026-06-27T21:26:49,ul,ue4,241170,964970.6360073042,0.964971
2026-06-27T21:26:54,ul,cu_cp,240880,231048.09127138316,0.231048
2026-06-27T21:26:54,ul,cu_up,240907,263287.34417439223,0.263287
2026-06-27T21:26:54,ul,du1,241069,2756457.5311012887,2.756458
2026-06-27T21:26:54,ul,ue1,241134,924192.3650855327,0.924192
2026-06-27T21:26:54,ul,ue2,241146,926878.8760498237,0.926879
2026-06-27T21:26:54,ul,ue3,241158,937625.3186026382,0.937625
2026-06-27T21:26:54,ul,ue4,241170,918819.1438091254,0.918819
2026-06-27T21:26:59,ul,cu_cp,240880,231927.5989793694,0.231928
2026-06-27T21:26:59,ul,cu_up,240907,256199.1032091844,0.256199
2026-06-27T21:26:59,ul,du1,241069,2750769.08232296,2.750769
2026-06-27T21:26:59,ul,ue1,241134,922316.7615740919,0.922317
2026-06-27T21:26:59,ul,ue2,241146,943891.3987373543,0.943891
2026-06-27T21:26:59,ul,ue3,241158,946588.2159090472,0.946588
2026-06-27T21:26:59,ul,ue4,241170,951981.9500421524,0.951982
2026-06-27T21:27:04,ul,cu_cp,240880,232007.94885816931,0.232008
2026-06-27T21:27:04,ul,cu_up,240907,256008.77967800974,0.256009
2026-06-27T21:27:04,ul,du1,241069,2704092.880579486,2.704093
2026-06-27T21:27:04,ul,ue1,241134,893363.950666318,0.893364
2026-06-27T21:27:04,ul,ue2,241146,890697.2466198611,0.890697
2026-06-27T21:27:04,ul,ue3,241158,888030.4436930584,0.888030
2026-06-27T21:27:04,ul,ue4,241170,890697.2466198611,0.890697
2026-06-27T21:27:09,ul,cu_cp,240880,239813.65050984622,0.239814
2026-06-27T21:27:09,ul,cu_up,240907,250591.8201181531,0.250592
2026-06-27T21:27:09,ul,du1,241069,2729564.4726239205,2.729564
2026-06-27T21:27:09,ul,ue1,241134,916142.1230541515,0.916142
2026-06-27T21:27:09,ul,ue2,241146,940392.9049488449,0.940393
2026-06-27T21:27:09,ul,ue3,241158,926920.1929384613,0.926920
2026-06-27T21:27:09,ul,ue4,241170,937698.3625467682,0.937698
2026-06-27T21:27:15,ul,cu_cp,240880,230660.0479749775,0.230660
2026-06-27T21:27:15,ul,cu_up,240907,254798.8899166298,0.254799
2026-06-27T21:27:15,ul,du1,241069,2730371.4368068697,2.730371
2026-06-27T21:27:15,ul,ue1,241134,903865.4736972809,0.903865
2026-06-27T21:27:15,ul,ue2,241146,906547.6471339416,0.906548
2026-06-27T21:27:15,ul,ue3,241158,930686.5138682937,0.930687
2026-06-27T21:27:15,ul,ue4,241170,911911.7956656647,0.911912
2026-06-27T21:27:20,ul,cu_cp,240880,230522.6007700181,0.230523
2026-06-27T21:27:20,ul,cu_up,240907,249286.06769724606,0.249286
2026-06-27T21:27:20,ul,du1,241069,2720703.002339182,2.720703
2026-06-27T21:27:20,ul,ue1,241134,897965.9881580829,0.897966
2026-06-27T21:27:20,ul,ue2,241146,935492.9220125389,0.935493
2026-06-27T21:27:20,ul,ue3,241158,943534.3936532021,0.943534
2026-06-27T21:27:20,ul,ue4,241170,951575.8652938652,0.951576
2026-06-27T21:27:25,ul,cu_cp,240880,236020.21143299103,0.236020
2026-06-27T21:27:25,ul,cu_up,240907,249430.443948707,0.249430
2026-06-27T21:27:25,ul,du1,241069,2703503.9872946455,2.703504
2026-06-27T21:27:25,ul,ue1,241134,914578.3193028403,0.914578
2026-06-27T21:27:25,ul,ue2,241146,941398.7346857763,0.941399
2026-06-27T21:27:25,ul,ue3,241158,930670.4890950083,0.930670
2026-06-27T21:27:25,ul,ue4,241170,936034.6118903923,0.936035
2026-06-27T21:27:30,ul,cu_cp,240880,227868.27809870185,0.227868
2026-06-27T21:27:30,ul,cu_up,240907,251995.50053940178,0.251996
2026-06-27T21:27:30,ul,du1,241069,2675441.516932483,2.675442
2026-06-27T21:27:30,ul,ue1,241134,903430.6552955055,0.903431
2026-06-27T21:27:30,ul,ue2,241146,946323.5613488412,0.946324
2026-06-27T21:27:30,ul,ue3,241158,930238.7463883746,0.930239
2026-06-27T21:27:30,ul,ue4,241170,940961.9232826399,0.940962
2026-06-27T21:27:35,ul,cu_cp,240880,237254.00186482965,0.237254
2026-06-27T21:27:35,ul,cu_up,240907,250078.53109354377,0.250079
2026-06-27T21:27:35,ul,du1,241069,2725214.982285547,2.725215
2026-06-27T21:27:35,ul,ue1,241134,936191.5030698538,0.936192
2026-06-27T21:27:35,ul,ue2,241146,916954.597450161,0.916955
2026-06-27T21:27:35,ul,ue3,241158,923366.9986803889,0.923367
2026-06-27T21:27:35,ul,ue4,241170,942603.7055860877,0.942604
2026-06-27T21:27:41,ul,cu_cp,240880,233349.48589112042,0.233349
2026-06-27T21:27:41,ul,cu_up,240907,256115.28878409386,0.256115
2026-06-27T21:27:41,ul,du1,241069,2709130.6191215515,2.709131
2026-06-27T21:27:41,ul,ue1,241134,904940.7336152649,0.904941
2026-06-27T21:27:41,ul,ue2,241146,893557.7697873497,0.893558
2026-06-27T21:27:41,ul,ue3,241158,933397.9435644817,0.933398
2026-06-27T21:27:41,ul,ue4,241170,939089.4254784393,0.939089
2026-06-27T21:27:46,ul,cu_cp,240880,235735.77641883373,0.235736
2026-06-27T21:27:46,ul,cu_up,240907,251109.84717370034,0.251110
2026-06-27T21:27:46,ul,du1,241069,2746834.1736231996,2.746834
2026-06-27T21:27:46,ul,ue1,241134,907070.249069767,0.907070
2026-06-27T21:27:46,ul,ue2,241146,932693.7748605156,0.932694
2026-06-27T21:27:46,ul,ue3,241158,917319.6792614365,0.917320
2026-06-27T21:27:46,ul,ue4,241170,901945.4842855072,0.901945
2026-06-27T21:27:51,ul,cu_cp,240880,236222.67513250708,0.236223
2026-06-27T21:27:51,ul,cu_up,240907,259381.77011557014,0.259382
2026-06-27T21:27:51,ul,du1,241069,2686453.933148897,2.686454
2026-06-27T21:27:51,ul,ue1,241134,889308.9120210921,0.889309
2026-06-27T21:27:51,ul,ue2,241146,921731.6302034748,0.921732
2026-06-27T21:27:51,ul,ue3,241158,898572.4612508833,0.898572
2026-06-27T21:27:51,ul,ue4,241170,926363.4048183704,0.926363
2026-06-27T21:27:56,ul,cu_cp,240880,232095.73170197426,0.232096
2026-06-27T21:27:56,ul,cu_up,240907,253195.34815389037,0.253195
2026-06-27T21:27:56,ul,du1,241069,2688090.520110326,2.688091
2026-06-27T21:27:56,ul,ue1,241134,852424.2583118964,0.852424
2026-06-27T21:27:56,ul,ue2,241146,924162.9296138596,0.924163
2026-06-27T21:27:56,ul,ue3,241158,928382.926807897,0.928383
2026-06-27T21:27:56,ul,ue4,241170,928382.926807897,0.928383
2026-06-27T21:28:02,ul,cu_cp,240880,231216.18714353652,0.231216
2026-06-27T21:28:02,ul,cu_up,240907,249002.0343799719,0.249002
2026-06-27T21:28:02,ul,du1,241069,2680583.1834915946,2.680583
2026-06-27T21:28:02,ul,ue1,241134,891833.8187800002,0.891834
2026-06-27T21:28:02,ul,ue2,241146,924864.7485741461,0.924865
2026-06-27T21:28:02,ul,ue3,241158,924864.7485741461,0.924865
2026-06-27T21:28:02,ul,ue4,241170,922323.884998349,0.922324
2026-06-27T21:28:07,ul,cu_cp,240880,231805.24034529924,0.231805
2026-06-27T21:28:07,ul,cu_up,240907,252183.71811139584,0.252184
2026-06-27T21:28:07,ul,du1,241069,2695054.3164670467,2.695054
2026-06-27T21:28:07,ul,ue1,241134,896653.2199516296,0.896653
2026-06-27T21:28:07,ul,ue2,241146,896653.2199516296,0.896653
2026-06-27T21:28:07,ul,ue3,241158,891558.5633394718,0.891559
2026-06-27T21:28:07,ul,ue4,241170,937410.1754838228,0.937410
2026-06-27T21:28:12,ul,cu_cp,240880,236167.9794983536,0.236168
2026-06-27T21:28:12,ul,cu_up,240907,251404.61216977716,0.251405
2026-06-27T21:28:12,ul,du1,241069,2653715.3616709043,2.653715
2026-06-27T21:28:12,ul,ue1,241134,916738.0502169264,0.916738
2026-06-27T21:28:12,ul,ue2,241146,916738.0502169264,0.916738
2026-06-27T21:28:12,ul,ue3,241158,914198.5537412596,0.914199
2026-06-27T21:28:12,ul,ue4,241170,939593.0239513885,0.939593
2026-06-27T21:28:18,ul,cu_cp,240880,233003.93336939334,0.233004
2026-06-27T21:28:18,ul,cu_up,240907,253487.8271234143,0.253488
2026-06-27T21:28:18,ul,du1,241069,2711551.565282736,2.711552
2026-06-27T21:28:18,ul,ue1,241134,906410.9472428513,0.906411
2026-06-27T21:28:18,ul,ue2,241146,955060.1606572723,0.955060
2026-06-27T21:28:18,ul,ue3,241158,932015.7334775734,0.932016
2026-06-27T21:28:18,ul,ue4,241170,934576.2918133449,0.934576
2026-06-27T21:28:23,ul,cu_cp,240880,230424.50197501658,0.230425
2026-06-27T21:28:23,ul,cu_up,240907,248149.45606029988,0.248149
2026-06-27T21:28:23,ul,du1,241069,2691661.8450809764,2.691662
2026-06-27T21:28:23,ul,ue1,241134,873587.3758687258,0.873587
2026-06-27T21:28:23,ul,ue2,241146,934358.7317608404,0.934359
2026-06-27T21:28:23,ul,ue3,241158,914101.5142638016,0.914102
2026-06-27T21:28:23,ul,ue4,241170,919165.7444883108,0.919166
2026-06-27T21:28:28,ul,cu_cp,240880,232244.9523372686,0.232245
2026-06-27T21:28:28,ul,cu_up,240907,252662.07602305652,0.252662
2026-06-27T21:28:28,ul,du1,241069,2728240.2625167654,2.728240
2026-06-27T21:28:28,ul,ue1,241134,911114.7424674892,0.911115
2026-06-27T21:28:28,ul,ue2,241146,931531.8909403944,0.931532
2026-06-27T21:28:28,ul,ue3,241158,883041.250072155,0.883041
2026-06-27T21:28:28,ul,ue4,241170,918771.1855383873,0.918771
2026-06-27T21:28:33,ul,cu_cp,240880,229263.4676515311,0.229263
2026-06-27T21:28:33,ul,cu_up,240907,249642.45856449008,0.249642
2026-06-27T21:28:33,ul,du1,241069,2705309.161759615,2.705309
2026-06-27T21:28:33,ul,ue1,241134,924696.0946801305,0.924696
2026-06-27T21:28:33,ul,ue2,241146,937432.9360511899,0.937433
2026-06-27T21:28:33,ul,ue3,241158,934885.5280265212,0.934886
2026-06-27T21:28:33,ul,ue4,241170,899222.3125618696,0.899222
2026-06-27T21:28:39,ul,cu_cp,240880,237462.36992910056,0.237462
2026-06-27T21:28:39,ul,cu_up,240907,256139.18498438894,0.256139
2026-06-27T21:28:39,ul,du1,241069,2702802.18035084,2.702802
2026-06-27T21:28:39,ul,ue1,241134,915163.9625006497,0.915164
2026-06-27T21:28:39,ul,ue2,241146,939176.9289710283,0.939177
2026-06-27T21:28:39,ul,ue3,241158,915163.9625006497,0.915164
2026-06-27T21:28:39,ul,ue4,241170,877810.2828070342,0.877810
2026-06-27T21:28:44,ul,cu_cp,240880,227174.36269098072,0.227174
2026-06-27T21:28:44,ul,cu_up,240907,245882.85996926963,0.245883
2026-06-27T21:28:44,ul,du1,241069,2702038.495941782,2.702038
2026-06-27T21:28:44,ul,ue1,241134,922060.6383938766,0.922061
2026-06-27T21:28:44,ul,ue2,241146,881970.9766572905,0.881971
2026-06-27T21:28:44,ul,ue3,241158,927405.8739071679,0.927406
2026-06-27T21:28:44,ul,ue4,241170,927405.8739071679,0.927406
2026-06-27T21:28:49,ul,cu_cp,240880,230556.0480764389,0.230556
2026-06-27T21:28:49,ul,cu_up,240907,252003.13212419272,0.252003
2026-06-27T21:28:49,ul,du1,241069,2726459.285024471,2.726459
2026-06-27T21:28:49,ul,ue1,241134,932947.6971166038,0.932948
2026-06-27T21:28:49,ul,ue2,241146,916862.4399003315,0.916862
2026-06-27T21:28:49,ul,ue3,241158,916862.4399003315,0.916862
2026-06-27T21:28:49,ul,ue4,241170,892734.4052238083,0.892734
2026-06-27T21:28:54,ul,cu_cp,240880,235059.34656448066,0.235059
2026-06-27T21:28:54,ul,cu_up,240907,253757.2305819592,0.253757
2026-06-27T21:28:54,ul,du1,241069,2692497.8708044603,2.692498
2026-06-27T21:28:54,ul,ue1,241134,918868.3052849924,0.918868
2026-06-27T21:28:54,ul,ue2,241146,918868.3052849924,0.918868
2026-06-27T21:28:54,ul,ue3,241158,902841.4698217607,0.902841
2026-06-27T21:28:54,ul,ue4,241170,942908.4100786352,0.942908
2026-06-27T21:28:59,ul,cu_cp,240880,229151.30546270846,0.229151
2026-06-27T21:28:59,ul,cu_up,240907,250467.6807285309,0.250468
2026-06-27T21:28:59,ul,du1,241069,2685866.4410804464,2.685866
2026-06-27T21:28:59,ul,ue1,241134,879301.4911297035,0.879301
2026-06-27T21:28:59,ul,ue2,241146,911276.1033657312,0.911276
2026-06-27T21:28:59,ul,ue3,241158,921934.2416613484,0.921934
2026-06-27T21:28:59,ul,ue4,241170,895288.8465850115,0.895289
2026-06-27T21:29:05,ul,cu_cp,240880,233580.72348276674,0.233581
2026-06-27T21:29:05,ul,cu_up,240907,252374.58022886456,0.252375
2026-06-27T21:29:05,ul,du1,241069,2703629.80286973,2.703630
2026-06-27T21:29:05,ul,ue1,241134,920898.7318581915,0.920899
2026-06-27T21:29:05,ul,ue2,241146,942377.5105510807,0.942378
2026-06-27T21:29:05,ul,ue3,241158,950431.9282106138,0.950432
2026-06-27T21:29:05,ul,ue4,241170,902104.9248522138,0.902105
2026-06-27T21:29:10,ul,cu_cp,240880,229598.94972964376,0.229599
2026-06-27T21:29:10,ul,cu_up,240907,248287.24410672337,0.248287
2026-06-27T21:29:10,ul,du1,241069,2675094.876300645,2.675095
2026-06-27T21:29:10,ul,ue1,241134,902377.2750254453,0.902377
2026-06-27T21:29:10,ul,ue2,241146,899707.4550362111,0.899707
2026-06-27T21:29:10,ul,ue3,241158,923735.2408759057,0.923735
2026-06-27T21:29:10,ul,ue4,241170,923735.2408759057,0.923735
2026-06-27T21:29:15,ul,cu_cp,240880,233053.8994858265,0.233054
2026-06-27T21:29:15,ul,cu_up,240907,251805.33901260345,0.251805
2026-06-27T21:29:15,ul,du1,241069,2718962.028454566,2.718962
2026-06-27T21:29:15,ul,ue1,241134,894712.570149666,0.894713
2026-06-27T21:29:15,ul,ue2,241146,937573.0175194502,0.937573
2026-06-27T21:29:15,ul,ue3,241158,883997.532677263,0.883998
2026-06-27T21:29:15,ul,ue4,241170,910785.3246783853,0.910785
2026-06-27T21:29:20,ul,cu_cp,240880,230286.26013956964,0.230286
2026-06-27T21:29:20,ul,cu_up,240907,254385.96830666065,0.254386
2026-06-27T21:29:20,ul,du1,241069,2736657.5468704104,2.736658
2026-06-27T21:29:20,ul,ue1,241134,910433.9709430933,0.910434
2026-06-27T21:29:20,ul,ue2,241146,939889.2635345459,0.939889
2026-06-27T21:29:20,ul,ue3,241158,915789.5057506859,0.915790
2026-06-27T21:29:20,ul,ue4,241170,897045.2827744186,0.897045
2026-06-27T21:29:25,ul,cu_cp,240880,229755.17986694098,0.229755
2026-06-27T21:29:25,ul,cu_up,240907,255283.52489399194,0.255284
2026-06-27T21:29:25,ul,du1,241069,2667713.0751810838,2.667713
2026-06-27T21:29:25,ul,ue1,241134,887110.225997715,0.887110
2026-06-27T21:29:25,ul,ue2,241146,950931.1134398365,0.950931
2026-06-27T21:29:25,ul,ue3,241158,963695.3108278561,0.963695
2026-06-27T21:29:25,ul,ue4,241170,944549.0147458267,0.944549
2026-06-27T21:29:31,ul,cu_cp,240880,227886.04056455998,0.227886
2026-06-27T21:29:31,ul,cu_up,240907,262068.94789455654,0.262069
2026-06-27T21:29:31,ul,du1,241069,2728935.23177701,2.728935
2026-06-27T21:29:31,ul,ue1,241134,917241.3176309478,0.917241
2026-06-27T21:29:31,ul,ue2,241146,945727.094494487,0.945727
2026-06-27T21:29:31,ul,ue3,241158,883058.3853947008,0.883058
2026-06-27T21:29:31,ul,ue4,241170,945727.094494487,0.945727
2026-06-27T21:29:36,ul,cu_cp,240880,236059.6750173211,0.236060
2026-06-27T21:29:36,ul,cu_up,240907,256586.6076095581,0.256587
2026-06-27T21:29:36,ul,du1,241069,2745476.6615875484,2.745477
2026-06-27T21:29:36,ul,ue1,241134,882658.0018793822,0.882658
2026-06-27T21:29:36,ul,ue2,241146,933975.2835665703,0.933975
2026-06-27T21:29:36,ul,ue3,241158,933975.2835665703,0.933975
2026-06-27T21:29:36,ul,ue4,241170,954502.2161588073,0.954502
2026-06-27T21:29:41,ul,cu_cp,240880,236894.35639640986,0.236894
2026-06-27T21:29:41,ul,cu_up,240907,250829.3302183807,0.250829
2026-06-27T21:29:41,ul,du1,241069,2717317.835046959,2.717318
2026-06-27T21:29:41,ul,ue1,241134,924352.4443935513,0.924352
2026-06-27T21:29:41,ul,ue2,241146,952222.3423932195,0.952222
2026-06-27T21:29:41,ul,ue3,241158,938287.4926819324,0.938287
2026-06-27T21:29:41,ul,ue4,241170,905772.5785861373,0.905773
2026-06-27T21:29:46,ul,cu_cp,240880,229104.75941693812,0.229105
2026-06-27T21:29:46,ul,cu_up,240907,246075.4878394559,0.246075
2026-06-27T21:29:46,ul,du1,241069,2681374.496461394,2.681374
2026-06-27T21:29:46,ul,ue1,241134,907933.6734564936,0.907934
2026-06-27T21:29:46,ul,ue2,241146,950360.494512788,0.950360
2026-06-27T21:29:46,ul,ue3,241158,929147.0839846409,0.929147
2026-06-27T21:29:46,ul,ue4,241170,907933.6734564936,0.907934
2026-06-27T21:29:52,ul,cu_cp,240880,230379.72398864568,0.230380
2026-06-27T21:29:52,ul,cu_up,240907,250632.8843631083,0.250633
2026-06-27T21:29:52,ul,du1,241069,2673417.5650952007,2.673418
2026-06-27T21:29:52,ul,ue1,241134,903797.4053560614,0.903797
2026-06-27T21:29:52,ul,ue2,241146,896202.3960282373,0.896202
2026-06-27T21:29:52,ul,ue3,241158,934177.1459177553,0.934177
2026-06-27T21:29:52,ul,ue4,241170,881012.5752056575,0.881013
2026-06-27T21:29:57,ul,cu_cp,240880,231167.46658517898,0.231167
2026-06-27T21:29:57,ul,cu_up,240907,254030.18795850634,0.254030
2026-06-27T21:29:57,ul,du1,241069,2715582.7682086946,2.715583
2026-06-27T21:29:57,ul,ue1,241134,899266.8921154833,0.899267
2026-06-27T21:29:57,ul,ue2,241146,955153.4948384857,0.955153
2026-06-27T21:29:57,ul,ue3,241158,934831.0758399725,0.934831
2026-06-27T21:29:57,ul,ue4,241170,886565.355479958,0.886565
2026-06-27T21:30:02,ul,cu_cp,240880,236357.30043997616,0.236357
2026-06-27T21:30:02,ul,cu_up,240907,261772.06846400202,0.261772
2026-06-27T21:30:02,ul,du1,241069,2683798.9475079537,2.683799
2026-06-27T21:30:02,ul,ue1,241134,914931.5496097207,0.914932
2026-06-27T21:30:02,ul,ue2,241146,947970.7306712925,0.947971
2026-06-27T21:30:02,ul,ue3,241158,942887.7721037269,0.942888
2026-06-27T21:30:02,ul,ue4,241170,950512.1603274703,0.950512
2026-06-27T21:30:08,ul,cu_cp,240880,234736.94085783363,0.234737
2026-06-27T21:30:08,ul,cu_up,240907,252597.35188809157,0.252597
2026-06-27T21:30:08,ul,du1,241069,2699475.0810851385,2.699475
2026-06-27T21:30:08,ul,ue1,241134,877712.0116062212,0.877712
2026-06-27T21:30:08,ul,ue2,241146,941499.2613834143,0.941499
2026-06-27T21:30:08,ul,ue3,241158,931293.3690874958,0.931293
2026-06-27T21:30:08,ul,ue4,241170,938947.7634313345,0.938948
2026-06-27T21:30:13,ul,cu_cp,240880,234566.7896624124,0.234567
2026-06-27T21:30:13,ul,cu_up,240907,257513.54812538862,0.257514
2026-06-27T21:30:13,ul,du1,241069,2723014.442097044,2.723014
2026-06-27T21:30:13,ul,ue1,241134,917870.0400158929,0.917870
2026-06-27T21:30:13,ul,ue2,241146,956114.6623294497,0.956115
2026-06-27T21:30:13,ul,ue3,241158,935717.543695693,0.935718
2026-06-27T21:30:13,ul,ue4,241170,956114.6623294497,0.956115
2026-06-27T21:30:18,ul,cu_cp,240880,232156.9205683857,0.232157
2026-06-27T21:30:18,ul,cu_up,240907,247463.95692779066,0.247464
2026-06-27T21:30:18,ul,du1,241069,2701694.309659071,2.701694
2026-06-27T21:30:18,ul,ue1,241134,923525.3285571123,0.923525
2026-06-27T21:30:18,ul,ue2,241146,969446.5120049882,0.969447
2026-06-27T21:30:18,ul,ue3,241158,918422.9748406815,0.918423
2026-06-27T21:30:18,ul,ue4,241170,941383.5665646195,0.941384
2026-06-27T21:30:23,ul,cu_cp,240880,250180.28671413302,0.250180
2026-06-27T21:30:23,ul,cu_up,240907,260714.18461095126,0.260714
2026-06-27T21:30:23,ul,du1,241069,2812553.1244889046,2.812553
2026-06-27T21:30:23,ul,ue1,241134,950685.0484635818,0.950685
2026-06-27T21:30:23,ul,ue2,241146,977019.8316901183,0.977020
2026-06-27T21:30:23,ul,ue3,241158,974386.3636299956,0.974386
2026-06-27T21:30:23,ul,ue4,241170,977019.8316901183,0.977020
2026-06-27T21:30:29,ul,cu_cp,240880,273060.5726964891,0.273061
2026-06-27T21:30:29,ul,cu_up,240907,278870.3951144457,0.278870
2026-06-27T21:30:29,ul,du1,241069,2948473.392046094,2.948473
2026-06-27T21:30:29,ul,ue1,241134,990570.749779644,0.990571
2026-06-27T21:30:29,ul,ue2,241146,1031239.4526579666,1.031239
2026-06-27T21:30:29,ul,ue3,241158,1010905.1012188053,1.010905
2026-06-27T21:30:29,ul,ue4,241170,993475.688012309,0.993476
